sample, p__Asgardarchaeota, p__Euryarchaeota, p__Fibrobacterota, p__SAR324_clade(Marine_group_B), p__Desulfobacterota, p__Dependentiae, p__Halobacterota, p__Armatimonadota, p__Latescibacterota, p__Planctomycetota, p__Bdellovibrionota, p__Gemmatimonadota,Unassigned_unassigned, p__Acidobacteriota, p__Chloroflexi,d__Archaea_unassigned, p__Spirochaetota, p__Fusobacteriota, p__Verrucomicrobiota, p__Elusimicrobiota, p__Actinobacteriota, p__Bacteroidota, p__Entotheonellaeota, p__Cyanobacteria, p__Campilobacterota,d__Eukaryota_unassigned, p__WPS-2, p__Synergistota, p__Aenigmarchaeota, p__Nitrospirota, p__Halanaerobiaeota, p__Proteobacteria, p__Methylomirabilota, p__GAL15,d__Bacteria_unassigned, p__Abditibacteriota, p__Sumerlaeota, p__MBNT15, p__Deinococcota, p__Patescibacteria, p__Firmicutes, p__Myxococcota, p__Thermoplasmatota, p__NB1-j, p__Deferribacterota
CORE0179.V1.nonCOVID.NP.PS,0,0,0,0,0,0,0,0,0,0,0,0,0,0,0,0,0,0,0,0,725,426,0,199,0,0,0,0,0,0,0,5177,0,0,0,0,0,0,166,0,1263,0,0,0,0
CORE0179.V1.nonCOVID.OP.PS,0,0,0,0,0,0,0,0,0,0,0,0,0,0,0,0,0,10,0,0,25,0,0,72,0,0,0,0,0,0,0,224129,0,0,0,0,0,0,0,0,29,0,0,0,0
CORE0179.V2.nonCOVID.NP.PS,0,0,0,0,0,0,0,0,0,0,0,48,0,37,0,0,0,0,0,0,923,100,0,52,0,0,0,0,0,0,0,33359,0,0,0,0,0,0,0,0,493,0,0,0,0
CORE0179.V2.nonCOVID.OP.PS,0,0,0,0,0,0,0,0,0,0,0,0,0,0,0,0,0,0,0,0,98,69,0,0,0,0,0,0,0,0,0,209372,0,0,12,0,0,0,0,0,318,0,0,0,0
CORE0180.V1.nonCOVID.NP.PS,0,0,0,0,0,0,0,0,0,0,0,0,0,0,0,0,0,0,0,0,3,6,0,6,0,0,0,0,0,0,0,14,0,0,0,0,0,0,0,0,203269,0,0,0,0
CORE0180.V1.nonCOVID.OP.PS,0,0,0,0,0,0,0,0,0,0,0,0,0,0,0,0,0,0,0,0,0,0,0,0,0,0,0,0,0,0,0,2,0,0,0,0,0,0,0,0,141342,0,0,0,0
CORE0180.V2.nonCOVID.ETA.PRO,0,0,0,0,0,0,0,0,0,0,0,0,0,0,0,0,0,0,0,0,0,0,0,0,0,0,0,0,0,0,0,3,0,0,0,0,0,0,0,0,0,0,0,0,0
CORE0180.V2.nonCOVID.NP.PS,0,0,0,0,0,0,0,0,0,0,0,0,0,0,0,0,0,0,0,0,3,0,0,4,0,0,0,0,0,0,0,52,0,0,0,0,0,0,0,0,204381,0,0,0,0
CORE0180.V2.nonCOVID.OP.PS,0,0,0,0,0,0,0,0,0,0,0,0,0,0,0,0,0,0,0,0,56,2,0,11,0,0,0,0,0,0,0,73,0,0,0,0,0,0,0,0,123189,0,0,0,0
CORE0180.V3.nonCOVID.NP.PS,0,0,0,0,0,0,0,0,0,0,0,0,0,3,0,0,0,0,0,0,14,3,0,0,0,0,0,0,0,0,0,1045,0,0,0,0,0,0,0,0,161335,0,0,0,0
CORE0180.V3.nonCOVID.OP.PS,0,0,0,0,0,0,0,0,0,0,0,0,0,0,0,0,0,0,0,0,22,0,0,23,0,0,0,3,0,0,0,303,0,0,0,0,0,0,0,0,103552,0,0,0,0
CORE0181.V1.nonCOVID.NP.PS,0,0,0,0,0,0,0,0,0,0,0,0,0,0,0,0,0,0,0,0,101634,0,0,0,0,0,0,0,0,0,0,0,0,0,0,0,0,0,0,0,59356,0,0,0,0
CORE0181.V1.nonCOVID.OP.PS,0,0,0,0,0,0,0,0,0,0,0,0,0,0,0,0,0,0,0,0,2875,0,0,0,0,0,0,0,0,0,0,181233,0,0,0,0,0,0,0,0,11674,0,0,0,0
CORE0181.V2.nonCOVID.ETA.PRO,0,0,0,0,0,0,0,0,0,0,0,0,0,0,0,0,0,0,0,0,1046,0,0,0,0,0,0,0,0,0,0,137880,0,0,0,0,0,0,0,0,12307,0,0,0,0
CORE0181.V2.nonCOVID.NP.PS,0,0,0,0,0,0,0,0,0,0,0,0,0,0,4,0,0,4,0,0,72157,50,0,0,0,0,0,0,0,0,0,108,0,0,0,0,0,0,0,0,97337,0,0,0,0
CORE0181.V2.nonCOVID.OP.PS,0,0,0,0,0,0,0,0,0,0,0,0,0,0,0,0,0,0,0,0,1507,0,0,0,0,0,0,0,0,0,0,218746,0,0,0,0,0,0,0,0,2284,0,0,0,0
CORE0181.V3.nonCOVID.ETA.PRO,0,0,0,0,0,0,0,0,0,0,0,0,0,0,0,0,0,0,0,0,1210,0,0,0,0,0,0,0,0,0,0,155050,0,0,0,0,0,0,0,0,8090,0,0,0,0
CORE0181.V3.nonCOVID.NP.PS,0,0,0,0,0,0,0,0,0,0,0,0,0,0,6,0,0,0,0,0,88725,8,0,10,0,0,0,0,0,0,0,494,0,0,0,0,0,0,0,0,78170,0,0,0,0
CORE0181.V3.nonCOVID.OP.PS,0,0,0,0,0,0,0,0,0,0,0,0,0,0,0,0,0,0,0,0,3599,5,0,0,0,0,0,0,0,0,0,162942,0,0,0,0,0,0,0,0,14313,0,0,0,0
CORE0181.V4.nonCOVID.NP.PS,0,0,0,0,0,0,0,0,0,0,0,0,0,0,0,0,0,0,0,0,107795,14,0,0,0,0,0,0,0,0,0,127,0,0,0,0,0,0,0,0,56261,0,0,0,0
CORE0181.V4.nonCOVID.OP.PS,0,0,0,0,0,0,0,0,0,0,0,0,0,0,0,0,0,0,0,0,1680,0,0,0,0,0,0,0,0,0,0,191627,0,0,0,0,0,0,0,0,7104,0,0,0,0
CORE0182.V1.nonCOVID.NP.PS,0,0,0,0,0,0,0,0,0,0,0,0,0,0,0,0,0,140,0,0,70206,379,0,201,0,4,0,0,0,0,0,3287,0,0,0,0,0,0,0,76,70297,0,0,0,0
CORE0182.V1.nonCOVID.OP.PS,0,0,0,0,0,0,0,0,0,0,0,0,0,0,21,0,0,464,0,0,13298,2647,0,1125,156,0,0,0,0,0,0,25561,0,0,0,0,0,0,49,0,107687,0,0,0,0
CORE0184.V1.nonCOVID.NP.PS,0,0,0,0,0,0,0,0,0,46,0,0,0,104,55,0,0,226,0,0,24041,95982,0,228,0,0,0,0,0,0,0,6152,46,0,3,0,0,0,159,0,1395,0,0,0,0
CORE0184.V1.nonCOVID.OP.PS,0,0,0,0,0,0,0,0,0,713,209,303,4,492,0,0,0,0,0,0,2301,212,0,0,0,0,0,0,0,0,0,9124,0,0,0,0,0,0,0,0,0,148,0,0,0
CORE0185.V1.nonCOVID.NP.PS,0,0,0,0,0,0,0,0,0,0,0,0,0,0,0,0,0,0,0,0,337,48,0,30,0,0,0,0,0,0,0,8943,0,0,2,0,0,0,0,0,160111,0,0,0,0
CORE0185.V1.nonCOVID.OP.PS,0,0,0,0,0,0,0,0,0,0,0,0,0,0,0,0,0,0,0,0,153396,0,0,0,0,0,0,0,0,0,0,25,0,0,0,0,0,0,0,0,10417,0,0,0,0
CORE0185.V2.nonCOVID.ETA.PRO,0,0,0,0,0,0,0,0,0,0,0,74,0,0,0,0,0,96,0,0,462,870,0,0,0,0,0,0,0,0,0,2410,0,0,62,0,0,0,0,92,3240,0,0,0,0
CORE0185.V2.nonCOVID.NP.PS,0,0,0,0,0,0,0,0,0,0,0,0,0,0,0,0,0,0,0,0,1298,45,0,79,0,0,0,0,0,0,0,2576,0,0,0,0,0,0,33,32,52031,0,0,0,0
CORE0185.V2.nonCOVID.OP.PS,0,0,0,0,0,0,0,0,0,0,0,0,0,0,9,0,0,26,0,0,20478,31905,0,24,0,0,0,0,0,0,0,1415,0,0,0,0,0,0,0,0,52339,0,0,0,0
CORE0185.V3.nonCOVID.NP.PS,0,0,0,0,0,0,0,0,0,0,0,0,0,44,0,0,0,1167,0,0,4944,1546,0,515,0,0,0,0,0,0,0,17622,0,0,42,0,72,0,0,1176,101882,0,0,0,0
CORE0185.V3.nonCOVID.OP.PS,0,0,0,0,0,0,0,0,0,0,0,0,0,0,0,0,0,0,0,0,151368,0,0,0,0,0,0,0,0,0,0,30,0,0,0,0,0,0,0,0,6328,0,0,0,0
CORE0185.V4.nonCOVID.NP.PS,0,0,0,0,0,0,0,0,0,0,0,0,10,0,0,0,0,0,0,0,331,45,0,300,0,0,0,0,25,0,0,4635,0,0,0,0,0,0,0,0,150573,0,0,0,0
CORE0185.V4.nonCOVID.OP.PS,0,0,0,0,0,0,0,0,0,0,0,0,0,0,0,0,0,0,0,0,141460,0,0,7,0,0,0,0,0,0,0,448,0,0,0,0,0,0,0,0,6907,0,0,0,0
CORE0187.V1.nonCOVID.NP.PS,0,0,0,0,0,0,0,0,0,0,0,0,0,0,0,0,0,0,0,0,84,2,0,0,0,0,0,0,0,0,0,154591,0,0,0,0,0,0,0,0,57,0,0,0,0
CORE0187.V1.nonCOVID.OP.PS,0,0,0,0,0,0,0,0,0,0,0,0,0,0,0,0,0,0,0,0,51,0,0,0,0,0,0,0,0,0,0,127713,0,0,0,0,0,0,0,0,17,0,0,0,0
CORE0187.V2.nonCOVID.ETA.PRO,0,0,0,0,0,0,0,0,0,0,0,0,0,0,0,0,0,0,0,0,48,0,0,0,0,0,0,0,0,0,0,132594,0,0,0,0,0,0,0,0,0,0,0,0,0
CORE0187.V2.nonCOVID.NP.PS,0,0,0,0,0,0,0,0,0,0,0,0,0,0,0,0,0,0,0,0,201,0,0,0,0,0,0,0,0,0,0,162195,0,0,0,0,0,0,8,0,29,0,0,0,0
CORE0187.V2.nonCOVID.OP.PS,0,0,0,0,0,0,0,0,0,0,0,0,0,0,0,0,0,0,0,0,91,5,0,12,0,0,0,0,0,0,0,120135,0,0,0,0,0,0,0,0,35305,0,0,0,0
CORE0187.V3.nonCOVID.NP.PS,0,0,0,0,0,0,0,0,0,0,0,0,0,0,0,0,0,0,0,0,67,0,0,0,0,0,0,0,0,0,0,124934,0,0,0,0,0,0,0,0,9055,0,0,0,0
CORE0187.V3.nonCOVID.OP.PS,0,0,0,0,0,0,0,0,0,0,0,0,0,0,0,0,0,0,0,0,95,0,0,0,0,0,0,0,0,0,0,122604,0,0,0,0,0,0,0,0,21,0,0,0,0
CORE0188.V1.nonCOVID.NP.PS,0,0,0,0,0,0,0,0,0,0,0,0,2,0,0,0,0,0,0,0,1411,19,0,0,15,0,0,0,0,0,0,10532,0,0,0,0,0,0,21,0,143564,16,0,0,0
CORE0188.V1.nonCOVID.OP.PS,0,0,0,0,0,0,0,0,0,0,0,0,0,0,0,0,0,10262,0,0,5916,25930,0,56,111,0,0,0,0,0,0,626,0,0,0,0,0,0,0,820,76995,0,0,0,0
CORE0188.V2.nonCOVID.NP.PS,0,0,0,0,0,0,0,0,0,0,0,0,0,0,0,0,0,0,0,0,441,40,0,0,0,0,0,0,0,0,0,11442,0,0,0,0,0,0,0,0,126656,0,0,0,0
CORE0188.V2.nonCOVID.OP.PS,0,0,0,0,0,0,0,0,0,0,0,0,0,0,0,0,0,6289,0,0,4313,32127,0,69,90,0,0,0,0,0,0,173,0,0,0,0,0,0,5,786,90452,0,0,0,0
CORE0188.V3.nonCOVID.NP.PS,0,0,0,0,0,0,0,0,0,0,0,0,0,0,0,0,0,0,0,0,68789,31,0,43,0,0,0,0,0,0,0,4713,0,0,0,0,0,0,0,0,54612,0,0,0,0
CORE0188.V3.nonCOVID.OP.PS,0,0,0,0,0,0,0,0,0,0,0,0,0,0,0,0,0,39,0,0,206,1613,0,32,4,0,0,0,0,0,0,27056,0,0,0,0,0,0,0,169,12442,0,0,0,0
CORE0188.V4.nonCOVID.NP.PS,0,0,0,0,0,0,0,0,0,0,0,0,0,0,0,0,0,5,0,0,982,47101,0,0,0,0,0,0,0,0,0,134,0,0,0,0,0,0,6,0,66032,0,0,0,0
CORE0188.V4.nonCOVID.OP.PS,0,0,0,0,0,0,0,0,0,0,0,0,0,0,0,0,0,0,0,0,0,13,0,0,0,0,0,0,0,0,0,68,0,0,0,0,0,0,0,0,42,0,0,0,0
CORE0189.V1.nonCOVID.NP.PS,0,0,0,0,0,0,0,0,0,0,0,0,0,0,0,0,6,552,0,0,36536,2784,0,0,130,0,0,0,0,0,0,123691,0,0,0,0,0,0,0,0,6733,0,0,0,0
CORE0189.V1.nonCOVID.OP.PS,0,0,0,0,0,0,0,0,0,0,0,0,0,0,0,0,2,584,0,0,9697,13991,0,0,127,0,0,0,0,0,0,50774,0,0,0,0,0,0,0,0,64272,0,0,0,0
CORE0189.V2.nonCOVID.NP.PS,0,0,0,0,0,0,0,0,0,0,0,0,0,0,0,0,2,571,0,0,56803,2692,0,0,149,0,0,0,0,0,0,75213,0,0,0,0,0,0,0,0,10098,0,0,0,0
CORE0189.V2.nonCOVID.OP.PS,0,0,0,0,0,0,0,0,0,0,0,0,0,0,0,0,8,340,0,0,6906,8354,0,0,61,0,0,0,0,0,0,49593,0,0,0,0,0,0,0,0,70856,0,0,0,0
CORE0189.V3.nonCOVID.ETA.PRO,0,0,12,0,0,0,0,0,0,0,0,0,0,0,0,0,0,702,0,0,54603,6615,0,0,482,0,0,0,0,0,0,35295,24,0,0,0,0,0,0,0,56624,80,0,0,0
CORE0189.V3.nonCOVID.NP.PS,0,0,0,0,0,0,0,0,0,0,0,0,0,0,0,0,3,640,0,0,52339,2853,0,0,106,0,0,0,0,0,0,75932,0,0,0,0,0,0,0,0,9048,0,0,0,0
CORE0189.V3.nonCOVID.OP.PS,0,0,0,0,0,0,0,0,0,0,0,0,0,0,0,0,10,203,0,0,14077,8344,0,0,18,0,0,10,0,0,0,17148,0,0,0,0,0,0,0,0,92440,0,0,0,0
CORE0189.V4.nonCOVID.ETA.PRO,0,0,0,0,0,0,0,0,0,0,0,67,0,0,0,0,0,1321,0,0,44624,7906,0,0,534,0,0,0,0,0,0,32432,0,0,0,0,0,0,0,0,67362,0,0,0,0
CORE0189.V4.nonCOVID.NP.PS,0,0,0,0,0,0,0,0,0,0,0,0,0,0,0,0,11,730,0,0,53640,2213,0,2,155,0,0,0,0,0,0,78390,0,0,0,0,0,0,0,0,10087,0,0,0,0
CORE0189.V4.nonCOVID.OP.PS,0,0,0,0,0,0,0,0,0,0,0,0,0,0,0,0,0,499,0,0,7839,10864,0,0,141,0,0,0,0,0,0,37860,0,0,0,0,0,0,0,0,54129,0,0,0,0
CORE0190.V1.nonCOVID.NP.PS,0,0,0,0,0,0,0,0,0,0,0,0,0,0,0,0,0,0,0,0,148192,88,0,2,0,0,0,0,0,0,0,1392,0,0,0,0,0,0,0,0,9312,0,0,0,0
CORE0190.V1.nonCOVID.OP.PS,0,0,0,0,0,0,0,0,0,0,0,0,0,0,0,0,0,0,0,0,1809,66,0,0,0,0,0,0,0,0,0,990,0,0,0,0,0,0,0,0,2713,0,0,0,0
CORE0190.V2.nonCOVID.NP.PS,0,0,0,0,0,0,0,0,0,105,0,75,0,49,118,0,0,8,0,0,15802,1012,0,89,0,0,0,0,0,0,0,4743,0,0,0,0,0,0,0,0,9737,5,0,0,0
CORE0190.V2.nonCOVID.OP.PS,0,0,0,0,0,0,0,0,0,0,0,0,0,45,0,0,0,87,0,0,24761,1281,0,583,0,0,0,0,0,0,0,5902,0,0,0,0,0,0,0,0,7803,0,0,0,0
CORE0193.V5.COVID.NP.PRO,0,0,0,0,0,0,0,0,0,0,0,0,0,0,0,0,65,1219,0,0,82629,1438,0,0,26,0,0,13,0,0,0,9613,0,0,0,0,0,0,0,62,40861,0,0,0,0
CORE0193.V5.COVID.OP.PRO,0,0,0,0,0,0,0,0,0,0,0,0,0,0,0,0,12,370,0,0,654,4593,0,0,33,0,0,0,0,0,0,58024,0,0,0,0,0,0,0,26,34521,0,0,0,0
CORE0196.V2.COVID.ETA.PRO,0,0,0,0,0,0,0,0,0,0,0,0,0,0,0,0,0,0,0,0,2,5686,0,0,0,0,0,0,0,0,0,3,0,0,0,0,0,0,0,0,145023,0,0,0,0
CORE0196.V3.COVID.ETA.PRO,0,0,0,0,0,0,0,0,0,0,0,0,0,0,0,0,0,15,0,0,85,82961,0,0,2,0,0,0,0,0,0,5,0,0,0,0,0,0,0,0,3837,0,0,0,0
CORE0196.V3.COVID.NP.PRO,0,0,0,0,0,0,0,0,0,0,0,0,0,0,0,0,0,0,0,0,306,29041,0,0,0,0,0,0,0,0,0,167,0,0,0,0,0,0,0,0,52906,0,0,0,0
CORE0196.V3.COVID.OP.PRO,0,0,0,0,0,0,0,0,0,0,0,0,0,0,0,0,0,3,0,0,13,61935,0,0,0,0,0,0,0,0,0,33,0,0,0,0,0,0,0,0,2480,0,0,0,0
CORE0196.V4.COVID.NP.PRO,0,0,0,0,0,0,0,0,0,0,0,0,0,0,0,0,0,4,0,0,143252,1107,0,37,61,0,0,2,0,0,0,319,0,0,0,0,0,0,0,5,6677,0,0,0,0
CORE0196.V4.COVID.OP.PRO,0,0,0,0,0,0,0,0,0,0,0,0,0,0,0,0,1629,16,0,0,1834,1904,0,3,163,0,0,487,0,0,0,25,0,0,0,0,0,0,0,691,43138,0,0,0,0
CORE0196.V5.COVID.ETA.PRO,0,0,0,0,0,0,0,0,0,0,0,0,0,0,0,0,0,0,0,0,3,0,0,0,0,0,0,0,0,0,0,0,0,0,0,0,0,0,0,0,0,0,0,0,0
CORE0196.V5.COVID.NP.PRO,0,0,0,0,0,0,0,0,0,0,0,0,0,0,0,0,0,0,0,0,0,0,0,0,0,0,0,0,0,0,0,0,0,0,0,0,0,0,0,0,3,0,0,0,0
CORE0196.V5.COVID.OP.PRO,0,0,0,0,0,0,0,0,0,0,0,0,0,0,0,0,5,5,0,0,9,54913,0,0,26,0,0,0,0,0,0,12,0,0,0,0,0,0,0,0,8821,0,0,0,0
CORE0196.V6.COVID.NP.PRO,0,0,0,0,0,0,0,0,0,0,0,0,0,0,0,0,26,42,0,0,589,114585,0,0,162,0,0,0,0,0,0,477,0,0,0,0,0,0,0,0,6154,0,0,0,0
CORE0196.V6.COVID.OP.PRO,0,0,0,0,0,0,0,0,0,0,0,0,0,0,0,0,0,0,0,0,0,42167,0,0,0,0,0,0,0,0,0,0,0,0,0,0,0,0,0,0,18,0,0,0,0
CORE0196.V7.COVID.NP.PRO,0,0,0,0,0,0,0,0,0,0,0,0,0,0,0,0,0,0,0,0,48,0,0,0,0,0,0,0,0,0,0,5615,0,0,0,0,0,0,0,0,177716,0,0,0,0
CORE0196.V7.COVID.OP.PRO,0,0,0,0,0,0,0,0,0,0,0,0,0,0,0,0,16,139,0,0,5379,1491,0,0,606,0,0,0,0,0,0,333,0,0,0,0,0,0,0,0,76928,0,0,0,0
CORE0197.V2.COVID.ETA.PRO,0,0,0,0,0,0,0,0,0,0,0,0,0,0,0,0,0,0,0,0,0,0,0,0,0,0,0,0,0,0,0,0,0,0,0,0,0,0,0,0,0,0,0,0,0
CORE0197.V3.COVID.NP.PRO,0,0,0,0,0,0,0,0,0,0,0,0,0,0,0,0,0,0,0,0,41317,3002,0,0,9,0,0,0,0,0,0,7,0,0,0,0,0,0,0,0,515,0,0,0,0
CORE0197.V3.COVID.OP.PRO,0,0,0,0,0,0,0,0,0,0,0,0,0,0,0,0,983,94,0,0,620,3622,0,0,13689,0,0,264,0,0,0,0,0,0,0,0,0,0,0,44,57102,0,0,0,0
CORE0197.V4.COVID.NP.PRO,0,0,0,0,0,0,0,0,0,0,0,0,0,0,0,0,0,338,0,0,572,7876,0,0,0,0,0,0,0,0,0,14888,0,0,0,0,0,0,0,0,46862,0,0,0,0
CORE0197.V4.COVID.OP.PRO,0,0,0,0,0,0,0,0,0,0,0,0,0,0,0,0,0,911,0,0,517,54423,0,0,445,0,0,0,0,0,0,91,0,0,0,0,0,0,0,0,11952,0,0,0,0
CORE0197.V5.COVID.NP.PRO,0,0,0,0,0,0,0,16,0,0,0,0,0,0,0,0,0,0,0,0,130067,416,0,0,0,0,0,0,0,0,0,1370,0,0,3,0,0,0,0,0,1898,0,0,0,0
CORE0197.V5.COVID.OP.PRO,0,0,0,0,0,0,0,0,0,0,0,0,0,0,0,0,65,4,0,0,88,46,0,0,8,0,0,39,0,0,0,9,0,0,0,0,0,0,0,18,94453,0,0,0,0
CORE0197.V6.COVID.ETA.PRO,0,0,0,0,0,0,0,0,0,0,0,0,0,0,0,0,0,0,0,0,287,2,0,0,0,0,0,0,0,0,0,3,0,0,0,0,0,0,0,0,143975,0,0,0,0
CORE0197.V6.COVID.NP.PRO,0,0,0,0,0,0,0,0,0,0,0,0,0,0,0,0,0,0,0,0,86459,417,0,43,0,0,0,0,0,0,0,322,0,0,0,0,0,0,15,0,812,0,0,0,0
CORE0197.V6.COVID.OP.PRO,0,0,0,0,0,0,0,0,0,0,0,0,0,0,0,0,7,0,0,0,15,0,0,0,0,0,0,0,0,0,0,0,0,0,0,0,0,0,0,3,118587,0,0,0,0
CORE0200.V1.COVID.NP.PRO,0,0,2,0,0,0,0,0,0,0,0,11,0,48,33,0,0,0,0,0,55411,72,0,228,0,0,0,0,0,0,0,1299,0,0,0,0,0,0,0,28,22928,0,0,0,0
CORE0200.V1.COVID.OP.PRO,0,0,0,0,0,0,0,0,0,0,0,0,0,0,0,0,3,15,0,0,50796,736,0,0,792,0,0,0,0,0,0,0,0,0,0,0,0,0,0,4,48880,0,0,0,0
CORE0201.V1.COVID.NP.PRO,0,0,0,0,0,0,0,0,0,4,0,0,0,3,24,0,0,0,0,0,75018,9,0,34,0,0,0,0,0,0,0,2072,0,0,0,0,0,0,0,9,31466,0,0,0,0
CORE0201.V1.COVID.OP.PRO,0,0,0,0,0,0,0,0,0,0,0,0,0,0,0,0,83,0,0,0,1425,24931,0,0,10,0,0,7,0,0,0,3,0,0,0,0,0,0,0,17,67742,0,0,0,0
CORE0202.V1.COVID.NP.PRO,0,0,0,0,0,0,0,0,0,0,0,0,0,0,0,0,0,0,0,0,111002,9,0,0,4,0,0,0,0,0,0,0,0,0,0,0,0,0,0,0,348,0,0,0,0
CORE0202.V1.COVID.OP.PRO,0,0,0,0,0,0,0,0,0,0,0,0,0,0,0,0,33,1311,0,0,16257,6250,0,0,399,0,0,0,0,0,0,25733,0,0,0,0,0,0,0,10,23901,0,0,0,0
CORE0203.V1.COVID.ETA.PRO,0,0,0,0,35,0,0,0,0,0,0,0,0,0,0,0,66,1282,0,0,5529,67159,0,0,1218,0,0,115,0,0,0,110,0,0,0,0,0,0,0,41,49541,0,0,0,0
CORE0203.V1.COVID.NP.PRO,0,0,0,0,0,0,0,0,0,0,0,0,0,0,0,0,0,0,0,0,64921,4461,0,0,0,0,0,0,0,0,0,4,0,0,0,0,0,0,0,0,69848,0,0,0,0
CORE0203.V1.COVID.OP.PRO,0,0,0,0,0,0,0,0,0,0,0,0,0,0,0,0,29,2069,0,0,2997,38380,0,0,256,0,0,42,0,0,0,61,0,0,0,0,0,0,0,0,21835,0,0,0,0
CORE0203.V2.COVID.ETA.PRO,0,0,0,0,0,0,0,0,0,0,0,0,0,0,0,0,13,216,0,0,1304,42131,0,0,296,0,0,25,0,0,0,284,0,0,0,0,0,0,0,35,38079,0,0,0,0
CORE0203.V2.COVID.NP.PRO,0,0,0,0,0,0,0,0,0,0,0,0,0,0,0,0,0,11,0,0,120729,1125,0,0,4,0,0,0,0,0,0,402,0,0,0,0,0,0,0,0,7124,0,0,0,0
CORE0203.V2.COVID.OP.PRO,0,0,0,0,0,0,0,0,0,0,0,0,0,0,0,0,60,785,0,0,2252,35796,0,0,811,0,0,43,0,0,0,946,0,0,0,0,0,0,0,38,33062,0,0,0,0
CORE0203.V3.COVID.ETA.PRO,0,0,0,0,0,0,0,0,0,0,0,0,0,0,0,0,180,1043,0,0,18778,54739,0,0,338,0,0,291,0,0,0,4676,0,0,4,0,0,0,0,10,8881,0,0,0,0
CORE0203.V3.COVID.NP.PRO,0,0,0,0,0,0,0,0,0,0,0,0,0,0,0,0,0,55,0,0,10426,1553,0,0,0,0,0,0,0,0,0,70,0,0,0,0,0,0,0,4,91829,0,0,0,0
CORE0203.V3.COVID.OP.PRO,0,0,0,0,0,0,0,0,0,0,0,0,0,0,0,0,27,2791,0,0,1075,45150,0,0,84,0,0,142,0,0,0,10807,0,0,0,0,0,0,0,0,3760,0,0,0,0
CORE0203.V4.COVID.ETA.PRO,0,0,0,0,0,0,0,0,0,0,0,0,0,0,0,0,0,0,0,0,0,0,0,0,0,0,0,0,0,0,0,0,0,0,0,0,0,0,0,0,0,0,0,0,0
CORE0203.V4.COVID.NP.PRO,0,0,0,0,0,0,0,0,0,0,0,0,0,0,0,0,38,13,0,0,32153,12661,0,0,0,0,0,186,0,0,0,978,0,0,0,0,0,0,0,0,6828,0,0,0,0
CORE0203.V4.COVID.OP.PRO,0,0,0,0,0,0,0,0,0,0,0,0,0,0,0,0,121,4750,0,0,317,66517,0,0,172,0,0,204,0,0,0,2615,0,0,0,0,0,0,0,4,2134,0,0,0,0
CORE0203.V5.COVID.NP.PRO,0,0,0,0,0,0,0,0,0,0,0,0,0,0,0,0,0,24,0,0,4774,84,0,0,53,0,0,0,0,0,0,2520,0,0,0,0,0,0,0,0,111456,0,0,0,0
CORE0203.V5.COVID.OP.PRO,0,0,0,0,0,0,0,0,0,0,0,0,0,0,0,0,46,8173,0,0,1138,18883,0,0,353,0,0,6,0,0,0,61982,0,0,0,0,0,0,0,0,26130,0,0,0,0
CORE0204.V1.COVID.NP.PRO,0,0,0,0,0,0,0,0,0,0,0,0,0,0,0,0,46,2,0,0,12747,39967,0,0,12,0,0,24,0,0,0,560,0,0,0,0,0,0,0,26,57200,0,0,0,0
CORE0204.V1.COVID.OP.PRO,0,0,0,0,0,0,0,0,0,0,0,0,0,0,0,0,28,5,0,0,355,72154,0,0,33,0,0,10,0,0,0,26,0,0,0,0,0,0,0,0,11394,0,0,0,0
CORE0204.V2.COVID.ETA.PRO,0,0,0,0,0,0,0,0,0,0,0,0,0,0,18,0,11,37,0,0,2359,75872,0,0,0,0,0,0,0,0,0,278,0,0,0,0,0,0,0,83,47429,0,0,0,0
CORE0204.V2.COVID.NP.PRO,0,0,0,0,0,0,0,0,0,0,0,0,0,0,0,0,3,7,0,0,33762,110,0,0,0,0,0,0,0,0,0,65,0,0,0,0,0,0,0,0,45025,0,0,0,0
CORE0204.V2.COVID.OP.PRO,0,0,0,0,0,0,0,0,0,0,0,0,0,0,0,0,0,40,0,0,1726,61938,0,0,0,0,0,0,0,0,0,3,0,0,2,0,0,0,0,0,30281,0,0,0,0
CORE0204.V3.COVID.ETA.PRO,0,0,0,0,0,0,0,0,0,0,0,0,0,0,0,0,3,11,0,0,2806,20843,0,0,0,0,0,0,0,0,0,345,0,0,0,0,0,0,0,3,79187,0,0,0,0
CORE0204.V3.COVID.NP.PRO,0,0,0,0,0,0,0,0,0,0,0,0,0,0,0,0,0,0,0,0,73342,0,0,0,0,0,0,0,0,0,0,5,0,0,0,0,0,0,0,0,1969,0,0,0,0
CORE0204.V3.COVID.OP.PRO,0,0,0,0,0,0,0,0,0,0,0,0,0,0,0,0,0,3,0,0,682,23050,0,0,0,0,0,0,0,0,0,812,0,0,0,0,0,0,0,2,51157,0,0,0,0
CORE0204.V4.COVID.NP.PRO,0,0,0,0,0,0,0,0,0,0,0,0,0,0,0,0,0,0,0,0,101880,0,0,0,0,0,0,0,0,0,0,8,0,0,0,0,0,0,0,0,751,0,0,0,0
CORE0204.V4.COVID.OP.PRO,0,0,0,0,0,0,0,0,0,0,0,0,0,0,0,0,0,392,0,0,2168,32340,0,0,0,0,0,0,0,0,0,226,0,0,0,0,0,0,0,54,60335,0,0,0,0
CORE0204.V5.COVID.NP.PRO,0,0,0,0,0,0,0,0,0,0,0,0,0,0,0,0,0,17,0,0,76194,98,0,0,0,0,0,0,0,0,0,7,0,0,0,0,0,0,0,0,210,0,0,0,0
CORE0204.V5.COVID.OP.PRO,0,0,0,0,0,0,0,0,0,0,0,0,0,0,0,0,0,812,0,0,21115,23388,0,0,71,0,0,0,0,0,0,16781,0,0,2,0,0,0,0,21,56242,0,0,0,0
CORE0205.V1.COVID.NP.PRO,0,0,0,0,0,0,0,0,0,0,0,0,0,0,0,0,2,21,0,0,96422,857,0,4,0,0,0,0,0,0,0,115,0,0,0,0,0,0,60,5,23040,0,0,0,0
CORE0205.V1.COVID.OP.PRO,0,0,0,0,0,0,0,0,0,0,0,0,0,0,0,0,15,472,0,0,4117,135387,0,5,5,0,0,0,0,0,0,14,0,0,0,0,0,0,0,100,32191,0,0,0,0
CORE0205.V2.COVID.NP.PRO,0,0,0,0,0,0,0,0,0,0,0,0,0,0,0,0,2,6,0,0,39142,8605,0,0,0,0,0,4,0,0,0,569,0,0,0,0,0,0,0,9,87759,0,0,0,0
CORE0205.V2.COVID.OP.PRO,0,0,0,0,0,0,0,0,0,0,0,0,0,0,0,0,156,0,0,0,29673,28701,0,0,337,0,0,36,0,0,0,0,0,0,2,0,0,0,0,0,11564,0,0,0,0
CORE0205.V3.COVID.NP.PRO,0,0,0,0,0,0,0,0,0,0,0,0,0,0,0,0,258,10,0,0,57354,35590,0,15,137,0,0,270,0,0,0,611,0,0,0,0,0,0,0,0,16781,0,0,0,0
CORE0205.V3.COVID.OP.PRO,0,0,0,0,0,0,0,0,0,0,0,0,0,0,0,0,311,0,0,0,101461,12195,0,0,23,0,0,636,0,0,0,2,0,0,0,0,0,0,0,11,10735,0,0,0,0
CORE0206.V1.COVID.ETA.PRO,0,0,0,0,0,0,0,0,0,0,0,0,0,0,0,0,0,0,0,0,20,250,0,0,0,0,0,0,0,0,0,10272,0,0,0,0,0,0,0,0,294,0,0,0,0
CORE0206.V1.COVID.NP.PRO,0,0,0,0,0,0,0,0,0,0,0,0,0,0,0,0,0,0,0,0,44,10,0,0,0,0,0,0,0,0,0,14100,0,0,0,0,0,0,0,0,213,0,0,0,0
CORE0206.V1.COVID.OP.PRO,0,0,0,0,0,0,0,0,0,0,0,0,0,0,0,0,0,0,0,0,3,11,0,0,0,0,0,0,0,0,0,6682,0,0,0,0,0,0,0,0,169,0,0,0,0
CORE0206.V2.COVID.NP.PRO,0,0,0,0,0,0,0,0,0,0,0,0,0,0,0,0,0,0,0,0,69186,292,0,0,0,0,0,0,0,0,0,886,0,0,0,0,0,0,0,6,19586,0,0,0,0
CORE0206.V2.COVID.OP.PRO,0,0,0,0,0,0,0,0,0,0,0,0,0,0,0,0,0,0,0,0,19,0,0,0,0,0,0,0,0,0,0,31,0,0,0,0,0,0,0,0,6,0,0,0,0
CORE0206.V3.COVID.ETA.PRO,0,0,0,0,0,0,0,0,0,0,0,0,0,0,0,0,0,0,0,0,14,0,0,7,0,0,0,0,0,0,0,123558,0,0,0,0,0,0,0,0,65,0,0,0,0
CORE0206.V3.COVID.NP.PRO,0,0,0,0,0,0,0,0,0,0,0,0,0,0,0,0,0,0,0,0,67126,0,0,0,0,0,0,0,0,0,0,383,0,0,0,0,0,0,0,2,61664,0,0,0,0
CORE0206.V3.COVID.OP.PRO,0,0,0,0,0,0,0,0,0,0,0,0,0,0,2,0,0,0,0,0,444,13,0,0,0,0,0,0,0,0,0,8155,0,0,0,0,0,0,0,0,115602,0,0,0,0
CORE0207.V1.COVID.NP.PRO,0,0,0,0,0,0,0,0,0,0,2,0,0,0,0,0,0,0,0,0,2494,3,0,11,0,0,0,0,0,0,0,239,0,0,0,0,0,0,0,0,168683,0,0,0,0
CORE0207.V1.COVID.OP.PRO,0,0,0,0,0,0,0,0,0,0,0,0,0,0,0,0,0,39,0,0,28068,68634,0,0,59,0,0,0,0,0,0,10,0,0,0,0,0,0,0,0,39787,0,0,0,0
CORE0207.V2.COVID.NP.PRO,0,0,0,0,0,0,0,0,0,0,0,0,0,0,0,0,0,0,0,0,0,126,0,0,0,0,0,0,0,0,0,2,0,0,0,0,0,0,0,0,2,0,0,0,0
CORE0207.V2.COVID.OP.PRO,0,0,0,0,0,0,0,0,0,0,0,0,0,0,0,0,0,0,0,0,4,267,0,0,0,0,0,0,0,0,0,0,0,0,0,0,0,0,0,0,207,0,0,0,0
CORE0207.V3.COVID.NP.PRO,0,0,0,0,0,0,0,0,0,0,0,0,3,0,0,0,0,0,0,0,42216,1941,0,175,0,0,0,0,0,0,0,5290,0,0,0,0,0,0,0,0,18130,0,0,0,0
CORE0207.V3.COVID.OP.PRO,0,0,0,0,0,0,0,0,0,0,0,2,0,0,0,0,0,601,0,0,822,174,0,11,3,0,0,0,0,0,0,30,0,0,0,0,0,0,0,0,127661,0,0,0,0
CORE0208.V1.COVID.NP.PRO,0,0,0,0,0,0,0,0,0,0,0,0,0,0,0,0,0,0,0,0,114429,89,0,6,6,0,0,0,0,0,0,234,0,0,4,0,0,0,0,0,28008,0,0,0,0
CORE0208.V1.COVID.OP.PRO,0,0,0,0,0,0,0,0,0,0,0,43,2,0,0,0,0,0,0,0,15310,29,0,3987,0,0,0,0,0,0,0,14160,0,0,0,0,0,0,0,0,116287,0,0,0,0
CORE0208.V2.COVID.NP.PRO,0,0,0,0,0,0,0,0,0,0,0,0,0,0,0,0,0,0,0,0,119949,50,0,3,0,0,0,0,0,0,0,150,0,0,5,0,0,0,2,0,37354,0,0,0,0
CORE0208.V2.COVID.OP.PRO,0,0,0,0,0,0,0,0,0,0,0,0,0,0,0,0,0,18,0,0,19973,83,0,1647,9,0,0,0,0,0,0,412,0,0,0,0,0,0,0,0,139481,0,0,0,0
CORE0209.V1.COVID.NP.PRO,0,0,0,0,0,0,0,0,0,0,0,0,6,0,0,0,0,0,0,0,59036,0,0,0,0,0,0,0,0,0,0,30486,0,0,177,75,0,0,117,0,36906,0,0,0,0
CORE0209.V1.COVID.OP.PRO,0,0,0,0,0,0,0,0,0,0,0,0,0,0,0,0,0,0,0,0,312,80289,0,0,1563,0,0,0,0,0,0,2639,0,0,0,0,0,0,0,0,103711,0,0,0,0
CORE0209.V2.COVID.ETA.PRO,0,0,0,0,0,0,0,0,0,0,0,0,0,0,0,0,0,0,0,0,17,6693,0,5,107,0,0,0,0,0,0,1831,0,0,0,0,0,0,0,0,25775,0,0,0,0
CORE0209.V2.COVID.NP.PRO,0,0,0,0,0,0,0,0,0,0,0,0,0,0,0,0,0,0,0,0,13362,1317,0,0,0,0,0,0,0,0,0,7893,0,0,0,0,0,0,0,0,49403,0,0,0,0
CORE0209.V2.COVID.OP.PRO,0,0,0,0,0,0,0,0,0,0,0,0,0,0,0,0,5,0,0,0,1635,35497,0,0,2025,0,0,0,0,0,0,5141,0,0,0,0,0,0,0,0,146995,0,0,0,0
CORE0209.V3.COVID.NP.PRO,0,0,0,0,0,0,0,0,0,0,0,0,5,0,16,0,0,12,0,0,27929,2417,0,185,103,0,0,0,0,0,0,18935,0,0,53,0,0,0,0,0,65582,0,0,0,0
CORE0209.V3.COVID.OP.PRO,0,0,0,0,0,0,0,0,0,0,0,0,0,0,0,0,0,28,0,0,6189,10415,0,0,943,0,0,0,0,0,0,419,0,0,0,0,0,0,0,0,72542,0,0,0,0
CORE0210.V1.COVID.ETA.PRO,0,0,0,0,0,0,0,0,0,0,0,0,0,0,0,0,0,0,0,0,0,0,0,0,0,0,0,0,0,0,0,0,0,0,0,0,0,0,0,0,0,0,0,0,0
CORE0210.V1.COVID.NP.PRO,0,0,0,0,0,0,0,0,0,0,0,0,0,0,0,0,18,0,0,0,83317,51,0,0,0,0,0,12,0,0,0,453,0,0,0,0,0,0,0,15,36004,0,0,0,0
CORE0210.V1.COVID.OP.PRO,0,0,0,0,302,0,0,0,0,0,0,0,0,0,8,0,17337,4664,0,0,15876,15775,0,0,145,0,0,4601,0,0,0,43,0,0,257,0,0,0,0,2852,82127,0,0,0,0
CORE0210.V2.COVID.NP.PRO,0,0,0,0,0,0,0,0,0,0,0,0,0,0,0,0,0,0,0,0,20254,0,0,0,0,0,0,0,0,0,0,83032,0,0,0,0,0,0,0,0,51606,0,0,0,0
CORE0210.V2.COVID.OP.PRO,0,0,0,0,0,0,0,0,0,0,0,0,0,0,0,0,17,6,0,0,2266,27,0,0,0,0,0,8,0,0,0,312,0,0,0,0,0,0,0,4,131316,0,0,0,0
CORE0210.V3.COVID.ETA.PRO,0,0,26,0,0,0,0,0,0,0,0,0,5,55,0,0,101,8671,6,0,85318,11841,0,104,53,0,0,0,0,0,0,2091,0,0,0,0,0,0,0,0,30721,45,0,0,0
CORE0210.V3.COVID.NP.PRO,0,0,0,0,0,0,0,0,0,0,0,0,0,0,0,0,0,0,0,0,25948,0,0,0,0,0,0,0,0,0,0,79629,0,0,0,0,0,0,0,0,28099,0,0,0,0
CORE0210.V3.COVID.OP.PRO,0,0,0,0,0,0,0,0,0,0,0,0,0,0,0,0,73,6,0,0,1335,173,0,3,0,0,0,32,0,0,0,12,0,0,0,0,0,0,0,26,96828,0,0,0,0
CORE0210.V4.COVID.NP.PRO,0,0,0,0,0,0,0,0,0,0,0,0,0,0,0,0,0,0,0,0,2101,0,0,0,0,0,0,0,0,0,0,114502,0,0,0,0,0,0,0,0,130059,0,0,0,0
CORE0210.V4.COVID.OP.PRO,0,0,0,0,0,0,0,0,0,0,0,0,0,0,0,0,169,14,0,0,3957,248,0,0,0,0,0,152,0,0,0,26623,0,0,0,0,0,0,0,32,104948,0,0,0,0
CORE0210.V5.COVID.ETA.PRO,0,0,0,0,0,0,0,0,0,0,0,0,0,0,0,0,0,0,0,0,9,0,0,0,0,0,0,0,0,0,0,26,0,0,0,0,0,0,0,0,0,0,0,0,0
CORE0210.V5.COVID.NP.PRO,0,0,0,0,0,0,0,0,0,0,0,0,0,0,0,0,0,0,0,0,985,0,0,0,0,0,0,0,0,0,0,130492,0,0,0,0,0,0,0,0,34666,0,0,0,0
CORE0210.V5.COVID.OP.PRO,0,0,0,0,2,0,0,0,0,0,0,0,0,0,0,0,295,294,0,0,492,462,0,0,12,0,0,86,0,0,0,95759,0,0,45,0,0,0,0,31,88476,0,0,0,0
CORE0211.V1.COVID.NP.PRO,0,0,0,0,0,0,0,0,0,0,0,35,2,0,0,0,0,0,0,0,3059,0,0,298,0,0,0,0,0,0,0,6017,0,0,0,0,0,0,0,0,25122,0,0,0,0
CORE0211.V1.COVID.OP.PRO,0,0,0,0,0,0,0,0,0,0,0,0,0,0,0,0,48,641,0,0,967,85621,0,0,174,0,0,0,0,0,0,0,0,0,0,0,0,0,0,3,7520,0,0,0,0
CORE0211.V2.COVID.ETA.PRO,0,0,0,0,0,0,0,0,0,0,0,0,0,0,0,0,0,709,0,0,4748,90464,0,0,2033,0,0,0,0,0,0,120,0,0,0,0,0,0,0,0,34308,0,0,0,0
CORE0211.V2.COVID.OP.PRO,0,0,0,0,0,0,0,0,0,0,0,0,0,0,0,0,2,0,0,0,7,316,0,0,4,0,0,0,0,0,0,0,0,0,0,0,0,0,0,0,120467,0,0,0,0
CORE0212.V1.COVID.NP.PRO,0,0,0,0,0,0,0,0,0,0,0,0,0,0,0,0,0,816,0,0,37209,927,0,9,364,0,0,0,0,22,0,8597,0,0,0,0,0,0,0,162,87578,0,0,0,0
CORE0212.V1.COVID.OP.PRO,0,0,0,0,0,0,0,0,0,0,0,0,0,0,0,0,0,2258,0,0,6452,10936,0,0,683,0,0,0,0,0,0,12931,0,0,0,0,0,0,0,185,39537,0,0,0,0
CORE0212.V2.COVID.NP.PRO,0,0,0,0,0,0,0,0,0,0,0,0,12,0,0,0,0,0,38,0,3819,127,0,0,0,0,0,0,0,0,0,5020,0,0,0,0,0,0,0,0,9179,0,0,0,0
CORE0212.V2.COVID.OP.PRO,0,0,0,0,0,0,0,0,0,0,249,0,28,0,0,0,0,4714,0,0,8221,3057,0,1570,651,0,0,0,0,0,0,6455,0,0,0,0,0,0,0,0,30061,0,0,0,0
CORE0212.V3.COVID.NP.PRO,0,0,85,0,0,0,0,0,0,0,146,0,27,0,0,0,0,0,0,0,3415,0,0,0,0,0,0,0,0,0,0,6783,0,0,0,0,0,0,183,0,1364,0,0,0,0
CORE0212.V3.COVID.OP.PRO,0,0,0,0,0,0,0,0,0,0,0,150,2,0,0,0,0,77243,0,0,14433,0,0,120,1763,0,0,0,0,0,0,17198,0,0,0,0,0,0,0,0,20783,0,0,0,0
CORE0212.V4.COVID.ETA.PRO,0,0,0,0,0,0,0,0,0,0,0,0,4,0,0,0,0,5912,0,0,480,33,0,2771,79,0,0,0,0,0,0,2705,0,0,219,0,0,0,0,0,714,0,0,0,0
CORE0212.V4.COVID.NP.PRO,0,0,94,0,0,0,0,0,0,0,0,0,0,0,0,0,0,0,0,0,1948,103,0,0,0,0,0,0,0,0,0,6520,0,0,0,58,0,0,0,0,1119,0,0,0,0
CORE0212.V4.COVID.OP.PRO,0,0,0,0,0,0,0,0,0,0,0,0,0,0,3,0,0,2538,82,0,3014,0,0,346,0,0,0,0,0,0,0,6100,0,0,0,0,0,0,0,0,514,0,0,0,0
CORE0212.V5.COVID.ETA.PRO,0,0,0,0,0,0,0,0,0,61,0,0,8,0,44,0,0,593,0,0,727,242,0,246,0,0,0,0,0,0,0,2996,0,0,2,0,0,0,0,37,552,0,0,0,0
CORE0212.V5.COVID.NP.PRO,0,0,0,0,0,0,0,0,0,0,0,0,3,0,39,0,0,953,101,0,8826,643,0,0,0,0,0,0,0,0,0,5208,0,0,0,0,0,0,0,0,7350,0,0,0,0
CORE0212.V5.COVID.OP.PRO,0,0,81,0,0,0,0,0,0,161,0,0,0,0,0,0,0,0,0,0,1738,712,0,0,0,0,0,0,0,0,0,5746,0,0,0,0,0,0,0,0,144,0,0,0,0
CORE0212.V6.COVID.ETA.PRO,0,0,10,0,0,0,0,0,0,0,0,0,68,0,0,0,0,161,0,0,1379,129,0,108,0,0,0,0,0,0,0,3687,0,0,12,0,0,0,0,0,316,0,0,0,0
CORE0212.V6.COVID.NP.PRO,0,0,0,0,0,0,0,0,0,0,0,0,2,0,0,0,0,0,0,0,27520,198,0,214,0,0,0,0,0,0,0,6712,0,0,0,0,0,0,0,0,74959,0,0,0,0
CORE0212.V6.COVID.OP.PRO,0,0,0,0,0,0,0,0,0,0,0,0,22,0,0,0,0,41825,0,0,6632,1018,0,505,0,0,0,0,0,0,0,4398,0,0,6,0,0,0,0,0,26016,0,0,0,0
CORE0213.V1.COVID.NP.PRO,0,0,0,0,0,0,0,0,0,0,0,0,0,0,2,0,0,0,0,0,8,0,0,0,0,0,0,0,0,0,0,0,0,0,0,0,0,0,0,0,134966,0,0,0,0
CORE0213.V1.COVID.OP.PRO,0,0,0,0,0,0,0,0,0,0,0,0,0,0,0,0,3845,0,0,0,299,2828,0,0,140,0,0,78,0,0,0,33,0,0,0,0,0,0,0,0,158069,0,0,0,0
CORE0213.V2.COVID.NP.PRO,0,0,0,0,0,0,0,0,0,0,0,0,0,0,0,0,0,0,0,0,49716,0,0,0,0,0,0,0,0,0,0,0,0,0,0,0,0,0,0,0,96024,0,0,0,0
CORE0213.V2.COVID.OP.PRO,0,0,0,0,0,0,0,0,0,0,0,0,0,0,2,0,363,19800,0,0,620,2203,0,0,17,0,0,55,0,0,0,10,0,0,0,0,0,0,0,0,127318,0,0,0,0
CORE0213.V3.COVID.ETA.PRO,0,0,0,0,0,0,0,5,0,0,0,0,0,0,0,0,11,8,0,0,26,91,0,0,6,0,0,6,0,0,0,88,0,0,5,0,0,0,0,0,143828,0,0,0,0
CORE0213.V3.COVID.NP.PRO,0,0,0,0,0,0,0,0,0,0,0,0,0,0,0,0,0,3,0,0,5220,0,0,0,0,0,0,0,0,0,0,0,0,0,0,0,0,0,0,0,114814,0,0,0,0
CORE0213.V3.COVID.OP.PRO,0,0,0,0,0,0,0,0,0,0,0,0,0,0,0,0,1435,4,0,0,183,3683,0,2,55,0,0,157,0,0,0,50,0,0,0,0,0,0,0,0,137754,0,0,0,0
CORE0215.V1.COVID.NP.PRO,0,0,0,0,0,0,0,0,0,0,0,0,0,0,0,0,0,0,0,0,88955,18,0,0,0,0,0,0,0,0,0,7715,0,0,0,0,0,0,0,0,9015,0,0,0,0
CORE0215.V1.COVID.OP.PRO,0,0,0,0,0,0,0,0,0,0,0,0,0,0,0,0,215,1198,0,0,11892,50348,0,82,50,0,0,21,0,0,0,3961,0,0,0,0,0,0,0,1240,31470,0,0,0,0
CORE0216.V1.COVID.OP.PRO,0,0,0,0,0,0,0,0,0,0,0,0,0,0,0,0,0,0,0,0,87,45107,0,0,0,0,0,39,0,0,0,0,0,0,0,0,0,0,0,0,30240,0,0,0,0
CORE0216.V2.COVID.OP.PRO,0,0,0,0,0,0,0,0,0,0,0,0,0,0,0,0,19,135,0,0,1333,37246,0,0,17,0,0,86,0,0,0,1573,0,0,0,0,0,0,0,0,30192,0,0,0,0
CORE0216.V3.COVID.OP.PRO,0,0,0,0,0,0,0,0,0,0,0,0,0,0,0,0,6,1698,0,0,17,8602,0,0,30,0,0,5,0,0,0,151162,0,0,0,0,0,0,0,0,12101,0,0,0,0
CORE0216.V4.COVID.OP.PRO,0,0,0,0,0,0,0,0,0,0,0,0,0,0,0,0,0,0,0,0,0,0,0,0,0,0,0,0,0,0,0,0,0,0,0,0,0,0,0,0,0,0,0,0,0
CORE0218.V1.COVID.ETA.PRO,0,0,0,0,0,0,0,0,0,0,0,0,0,0,0,0,0,0,0,0,159239,3771,0,0,0,0,0,0,0,0,0,20,0,0,2,0,0,0,0,0,368,0,0,0,0
CORE0218.V1.COVID.NP.PRO,0,0,0,0,0,0,0,0,0,0,0,0,0,0,0,0,15,0,0,0,91877,794,0,0,6,0,0,0,0,0,0,4,0,0,0,0,0,0,0,2,25896,0,0,0,0
CORE0218.V1.COVID.OP.PRO,0,0,0,0,0,0,0,0,0,0,0,0,0,0,0,0,22,10,0,0,263,27555,0,0,73,0,0,0,0,0,0,2,0,0,0,0,0,0,0,4,155179,0,0,0,0
CORE0218.V2.COVID.ETA.PRO,0,0,0,0,0,0,0,0,0,0,0,0,0,0,0,0,35,24,0,0,149752,3483,0,10,0,0,0,0,0,0,0,226,0,0,6,0,0,0,0,0,6422,0,0,0,0
CORE0218.V2.COVID.NP.PRO,0,0,0,0,0,0,0,0,0,0,0,0,0,0,0,0,8,0,0,0,76758,6596,0,23,13,0,0,0,0,0,0,198,0,0,0,0,0,0,0,0,47009,0,0,0,0
CORE0218.V2.COVID.OP.PRO,0,0,0,0,0,0,0,0,0,0,0,0,0,0,0,0,0,0,0,0,5507,82929,0,0,0,0,0,0,0,0,0,0,0,0,0,0,0,0,0,0,73839,0,0,0,0
CORE0218.V3.COVID.NP.PRO,0,0,0,0,0,0,0,0,0,0,0,0,0,2,0,0,0,0,0,0,121172,121,0,0,0,0,0,0,0,0,0,26,0,0,0,0,0,0,0,0,22414,0,0,0,0
CORE0218.V3.COVID.OP.PRO,0,0,0,0,0,0,0,0,0,0,0,0,0,0,0,0,5,0,0,0,2828,5690,0,0,19,0,0,7,0,0,0,0,0,0,0,0,0,0,0,17,138782,0,0,0,0
CORE0218.V4.COVID.NP.PRO,0,0,0,0,0,0,0,0,0,0,0,0,0,0,0,0,0,0,0,0,94832,6465,0,0,0,0,0,0,0,0,0,7,0,0,0,0,0,0,0,0,28505,0,0,0,0
CORE0218.V4.COVID.OP.PRO,0,0,0,0,0,0,0,0,0,0,0,0,0,0,0,0,14,0,0,0,17873,30936,0,0,53,0,0,4,0,0,0,32,0,0,0,0,0,0,0,2,81952,0,0,0,0
CORE0218.V5.COVID.NP.PRO,0,0,2,0,0,0,0,0,0,0,0,0,0,0,0,0,0,0,0,0,59094,313,0,0,0,0,0,0,0,0,0,34,0,0,0,0,0,0,0,0,85469,0,0,0,0
CORE0218.V5.COVID.OP.PRO,0,0,0,0,0,0,0,0,0,0,0,0,0,0,0,0,3,0,0,0,51,231,0,0,8,0,0,0,0,0,0,0,0,0,0,0,0,0,0,0,179345,0,0,0,0
CORE0219.V1.COVID.NP.PRO,0,0,0,0,0,0,0,0,0,0,0,0,0,0,0,0,0,8,0,0,913,21725,0,0,5,0,0,0,0,0,0,0,0,0,0,0,0,0,0,0,113939,0,0,0,0
CORE0219.V1.COVID.OP.PRO,0,0,0,0,0,0,0,0,0,0,0,0,0,0,0,0,53,2,0,0,350,65971,0,0,0,0,0,16,0,0,0,2,0,0,0,0,0,0,0,0,14786,0,0,0,0
CORE0219.V2.COVID.ETA.PRO,0,0,0,0,0,0,0,0,0,0,0,0,0,0,0,0,0,0,0,0,0,0,0,0,0,0,0,0,0,0,0,0,0,0,0,0,0,0,0,0,0,0,0,0,0
CORE0219.V2.COVID.NP.PRO,0,0,0,0,0,0,0,0,0,0,0,0,0,0,0,0,6,51,0,0,5977,79127,0,0,243,0,0,0,0,0,0,19,0,0,0,0,0,0,0,0,58233,0,0,0,0
CORE0219.V2.COVID.OP.PRO,0,0,0,0,0,0,0,0,0,0,0,0,0,0,0,0,178,503,0,0,10286,70286,0,0,13,0,0,8,0,0,0,0,0,0,0,0,0,0,0,6,6401,0,0,0,0
CORE0219.V3.COVID.NP.PRO,0,0,0,0,0,0,0,0,0,0,0,0,0,0,0,0,19,59,0,0,2667,97284,0,4,22,0,0,0,0,0,0,34,0,0,0,0,0,0,0,0,46824,0,0,0,0
CORE0219.V3.COVID.OP.PRO,0,0,0,0,0,0,0,0,0,0,0,0,0,0,0,0,18,0,0,0,12685,76896,0,0,0,0,0,0,0,0,0,0,0,0,0,0,0,0,0,0,14556,0,0,0,0
CORE0220.V1.COVID.NP.PRO,0,0,0,0,0,0,0,0,0,0,0,0,0,0,0,0,0,17,0,0,105185,46,0,0,0,0,0,0,0,0,0,193,0,0,0,0,0,0,0,4,47445,0,0,0,0
CORE0220.V1.COVID.OP.PRO,0,0,0,0,0,0,0,0,0,0,0,0,0,0,0,0,91,1183,0,0,536,38866,0,0,231,0,0,12,0,0,0,0,0,0,0,0,0,0,0,28,76676,0,0,0,0
CORE0221.V1.COVID.NP.PRO,0,0,0,0,0,0,0,0,0,0,0,0,0,0,0,0,24,3,0,0,54049,13906,0,0,101,0,0,124,0,0,0,97,0,0,0,0,0,0,0,19,6941,0,0,0,0
CORE0221.V1.COVID.OP.PRO,0,0,0,0,2,0,0,0,0,0,0,0,0,0,0,0,123,224,0,0,18187,64759,0,0,882,0,0,170,0,0,0,1374,0,0,0,0,0,0,0,6,30907,0,0,0,0
CORE0221.V2.COVID.NP.PRO,0,0,0,0,0,0,0,0,0,0,0,0,0,0,0,0,0,22,0,0,107141,360,0,0,10,0,0,0,0,0,0,243,0,0,0,0,0,0,0,0,5355,0,0,0,0
CORE0221.V2.COVID.OP.PRO,0,0,0,0,0,0,0,0,0,0,0,0,0,0,0,0,327,1080,0,0,24999,27792,0,0,364,0,0,104,0,0,0,11636,0,0,0,0,0,0,0,52,42080,0,0,0,0
CORE0222.V1.COVID.NP.PRO,0,0,0,0,0,0,0,0,0,0,0,0,0,0,0,0,0,0,0,0,0,0,0,0,0,0,0,0,0,0,0,2,0,0,0,0,0,0,0,0,4,0,0,0,0
CORE0222.V1.COVID.OP.PRO,0,0,0,0,0,0,0,0,0,0,0,0,0,0,0,0,4,267,0,0,31188,85547,0,0,17,0,0,0,0,0,0,0,0,0,6,0,0,0,0,0,18062,0,0,0,0
CORE0222.V2.COVID.NP.PRO,0,0,0,0,0,0,0,0,0,0,0,0,0,0,0,0,0,0,0,0,1305,13,0,0,0,0,0,0,0,0,0,0,0,0,0,0,0,0,0,0,7,0,0,0,0
CORE0222.V2.COVID.OP.PRO,0,0,0,0,0,0,0,0,0,0,0,0,0,0,0,0,21,36,0,0,40963,39351,0,0,43,0,0,0,0,0,0,0,0,0,6,0,0,0,0,0,12233,0,0,0,0
CORE0222.V3.COVID.NP.PRO,0,0,0,0,0,0,0,0,0,0,0,0,0,0,0,0,0,7,0,0,22144,53718,0,0,0,0,0,0,0,0,0,0,0,0,0,0,0,0,0,0,78,0,0,0,0
CORE0222.V3.COVID.OP.PRO,0,0,0,0,0,0,0,0,0,0,0,0,0,0,0,0,26,156,0,0,41925,50305,0,0,1118,0,0,5,0,0,0,0,0,0,0,0,0,0,0,0,14111,0,0,0,0
CORE0222.V4.COVID.NP.PRO,0,0,0,0,0,0,0,0,0,0,0,0,0,0,0,0,4,0,0,0,19792,39026,0,0,0,0,0,0,0,0,0,0,0,0,0,0,0,0,0,0,5025,0,0,0,0
CORE0222.V4.COVID.OP.PRO,0,0,0,0,0,0,0,0,0,0,0,0,0,0,0,0,10,0,0,0,39914,22511,0,0,0,0,0,0,0,0,0,0,0,0,0,0,0,0,0,0,3753,0,0,0,0
CORE0223.V1.COVID.OP.PRO,0,0,0,0,0,0,0,0,0,0,0,0,0,0,0,0,1388,1724,0,0,2554,27562,0,1332,439,0,0,3036,0,0,0,4,0,0,0,0,0,0,0,3793,58594,0,0,0,0
CORE0223.V2.COVID.OP.PRO,0,0,3,0,0,0,0,0,0,0,0,0,0,0,11,0,5324,8764,0,0,18356,20561,0,480,628,0,0,4585,0,0,0,65,0,0,0,0,0,0,34,1219,85366,0,0,0,0
CORE0224.V1.COVID.OP.PRO,0,0,0,0,0,0,0,0,0,0,0,0,0,0,0,0,0,976,0,0,36369,60741,0,0,4,0,0,0,0,0,0,0,0,0,0,0,0,0,0,1610,24045,0,0,0,0
CORE0225.V1.COVID.ETA.PRO,0,0,0,0,0,0,0,0,0,0,0,0,0,0,0,0,79,35,0,0,7361,117170,0,0,33,0,0,13,0,0,0,63,0,0,0,0,0,0,0,8,11813,0,0,0,0
CORE0225.V1.COVID.NP.PRO,0,0,0,0,0,0,0,0,0,0,0,0,0,0,0,0,0,2,0,0,85522,26,0,0,28,0,0,0,0,0,0,74,0,0,0,0,0,0,5,0,28750,0,0,0,0
CORE0225.V1.COVID.OP.PRO,0,0,0,0,0,0,0,0,0,0,0,0,0,0,0,0,56,358,0,0,2267,65057,0,0,158,0,0,27,0,0,0,165,0,0,1,0,0,0,0,24,23046,0,0,0,0
CORE0225.V2.COVID.NP.PRO,0,0,0,0,0,0,0,0,0,0,0,0,0,0,0,0,0,0,0,0,174602,3,0,0,17,0,0,0,0,0,0,2,0,0,0,0,0,0,0,0,6017,0,0,0,0
CORE0225.V2.COVID.OP.PRO,0,0,0,0,0,0,0,0,0,0,0,0,0,0,0,0,59,56,0,0,12024,86676,0,0,124,0,0,36,0,0,0,106,0,0,0,0,0,0,0,17,14282,0,0,0,0
CORE0225.V3.COVID.NP.PRO,0,0,0,0,0,0,0,0,0,0,0,0,0,0,0,0,0,0,0,0,143032,0,0,0,0,0,0,0,0,0,0,0,0,0,0,0,0,0,0,0,3222,0,0,0,0
CORE0225.V3.COVID.OP.PRO,0,0,0,0,0,0,0,0,0,0,0,0,0,0,0,0,0,0,0,0,36112,107781,0,0,523,0,0,23,0,0,0,453,0,0,0,0,0,0,0,0,25693,0,0,0,0
CORE0225.V4.COVID.ETA.PRO,0,0,0,0,0,0,0,0,0,0,0,0,0,0,0,0,0,0,0,0,980,4790,0,0,22,0,0,0,0,0,0,106157,0,0,0,0,0,0,0,0,10249,0,0,0,0
CORE0225.V4.COVID.NP.PRO,0,0,0,0,0,0,0,0,0,0,0,0,0,0,0,0,0,0,0,0,123841,149,0,0,5,0,0,0,0,0,0,141,0,0,0,0,0,0,0,0,12184,0,0,0,0
CORE0225.V4.COVID.OP.PRO,0,0,0,0,0,0,0,0,0,0,0,0,0,0,0,0,14,9,0,0,13366,134174,0,0,1941,0,0,58,0,0,0,10,0,0,0,0,0,0,0,2,39594,0,0,0,0
CORE0225.V5.COVID.NP.PRO,0,0,0,0,0,0,0,0,0,0,0,0,0,0,0,0,0,0,0,0,128576,0,0,0,0,0,0,0,0,0,0,23,0,0,0,0,0,0,0,0,67525,0,0,0,0
CORE0225.V5.COVID.OP.PRO,0,0,0,0,0,0,0,0,0,0,0,0,0,0,0,0,33,0,0,0,45143,25492,0,0,316,0,0,23,0,0,0,3,0,0,0,0,0,0,0,4,83530,0,0,0,0
CORE0225.V6.COVID.NP.PRO,0,0,0,0,0,0,0,0,0,0,0,0,0,0,0,0,0,10,0,0,44787,38,0,5954,0,0,0,0,0,0,0,88,0,0,0,0,0,0,0,0,133903,0,0,0,0
CORE0225.V6.COVID.OP.PRO,0,0,0,0,0,0,0,0,0,0,0,0,0,0,0,0,2,2797,0,0,55298,6531,0,0,116,0,0,0,0,0,0,399,0,0,0,0,0,0,0,22,81997,0,0,0,0
CORE0226.V1.COVID.NP.PRO,0,0,3,0,0,0,0,0,0,0,0,0,0,0,0,0,0,0,0,0,106595,26,0,4,0,0,0,0,0,0,0,898,0,0,0,0,0,0,0,2,31075,0,0,0,0
CORE0226.V1.COVID.OP.PRO,0,0,0,0,0,0,0,0,0,0,0,0,0,0,0,0,22,1481,0,0,50916,10611,0,0,35,0,0,0,0,0,0,11241,0,0,0,0,0,0,0,43,63330,0,0,0,0
CORE0227.V1.COVID.NP.PRO,0,0,0,0,0,0,0,0,0,0,0,0,0,0,0,0,0,0,0,0,56457,670,0,0,0,0,0,0,0,0,0,660,0,0,0,0,0,0,0,0,33194,0,0,0,0
CORE0227.V1.COVID.OP.PRO,0,0,0,0,0,0,0,0,0,0,0,0,0,0,0,0,352,121,0,0,3091,75449,0,2,123,0,0,22,0,0,0,19,0,0,0,0,0,0,0,67,37952,0,0,0,0
CORE0227.V2.COVID.NP.PRO,0,0,0,0,0,0,0,0,0,0,0,0,0,0,0,0,5,0,0,0,106205,107,0,9,0,0,0,0,0,0,0,11020,0,0,0,0,0,0,0,7,31965,0,0,0,0
CORE0227.V2.COVID.OP.PRO,0,0,0,0,0,0,0,0,0,0,0,0,0,0,0,0,556,46,0,0,60439,67223,0,0,314,0,0,47,0,0,0,15,0,0,0,0,0,0,0,382,16345,0,0,0,0
CORE0228.V1.COVID.NP.PRO,0,0,0,0,0,0,0,0,0,0,0,0,0,0,0,0,0,3,0,0,27495,27660,0,3,19,0,0,0,0,0,0,94,0,0,0,0,0,0,0,0,61659,0,0,0,0
CORE0228.V1.COVID.OP.PRO,0,0,0,0,0,0,0,0,0,0,0,0,0,0,0,0,2,371,0,0,5992,70171,0,0,2711,0,0,6,0,0,0,19917,0,0,0,0,0,0,0,0,42561,0,0,0,0
CORE0228.V2.COVID.NP.PRO,0,0,0,0,0,0,0,0,0,0,0,0,0,0,0,0,0,0,0,0,775,49723,0,0,75,0,0,22,0,0,0,36224,0,0,0,0,0,0,0,0,14568,0,0,0,0
CORE0228.V2.COVID.OP.PRO,0,0,0,0,18,0,0,0,0,0,0,0,0,0,0,0,56,26,0,0,1223,21507,0,0,614,0,0,112,0,0,0,38398,0,0,0,0,0,0,0,0,31422,0,0,0,0
CORE0228.V3.COVID.NP.PRO,0,0,11,0,38,0,0,0,0,0,0,0,0,0,0,0,127,38,3,0,12213,47486,0,59,378,0,0,23,0,0,0,24657,0,0,62,0,0,0,245,3,67166,0,0,0,0
CORE0228.V3.COVID.OP.PRO,0,0,0,0,148,0,0,0,0,0,0,0,0,0,8,0,799,662,0,0,7872,4831,0,0,382,0,0,1769,0,0,0,287,0,0,0,0,0,0,0,79,143882,0,0,0,0
CORE0228.V4.COVID.NP.PRO,0,0,0,0,0,0,0,0,0,0,0,0,0,0,0,0,0,2,0,0,127091,2550,0,0,3,0,0,0,0,0,0,50,0,0,0,0,0,0,0,0,53178,0,0,0,0
CORE0228.V4.COVID.OP.PRO,0,0,0,0,0,0,0,0,0,0,0,0,0,0,0,0,3,24,0,0,2492,4173,0,0,6,0,0,3,0,0,0,194872,0,0,2,0,0,0,0,0,64879,0,0,0,0
CORE0228.V5.COVID.NP.PRO,0,0,0,0,0,0,0,0,0,0,0,0,0,0,0,0,0,0,0,0,54701,27,0,0,0,0,0,0,0,0,0,37178,0,0,0,0,0,0,0,0,60790,0,0,0,0
CORE0228.V5.COVID.OP.PRO,0,0,0,0,0,0,0,0,0,0,0,0,0,0,0,0,0,1622,0,0,895,23430,0,0,61,0,0,0,0,0,0,48839,0,0,0,0,0,0,0,0,94584,0,0,0,0
CORE0229.V1.COVID.NP.PRO,0,0,2,0,0,0,0,0,0,0,0,0,0,0,0,0,2,6,0,0,82054,214,0,6,0,0,0,0,0,0,0,120,0,0,0,0,0,0,0,0,17091,0,0,0,0
CORE0229.V1.COVID.OP.PRO,0,0,0,0,0,0,0,0,0,0,0,0,0,0,0,0,0,0,0,0,1708,240,0,177,4,0,0,3,0,0,0,0,0,0,3,0,0,0,0,0,98292,0,0,0,0
CORE0230.V1.COVID.NP.PRO,0,0,0,0,0,0,0,0,0,0,12,0,0,15,0,0,10,136,0,0,125837,1376,0,53,50,5,0,0,0,0,0,834,0,0,0,0,0,0,0,15,10443,0,0,0,0
CORE0230.V1.COVID.OP.PRO,0,0,0,0,2,0,0,0,0,0,0,0,0,0,0,0,33,8,0,0,9042,63982,0,0,40,0,0,24,0,0,0,35,0,0,2,0,0,0,0,0,64003,0,0,0,0
CORE0230.V2.COVID.NP.PRO,0,0,134,0,0,0,0,0,0,0,0,0,0,0,28,0,377,1214,0,0,109194,12942,0,228,199,0,0,0,0,0,0,4691,0,0,0,0,0,0,0,178,10172,0,0,0,0
CORE0230.V2.COVID.OP.PRO,0,0,0,0,0,0,0,0,0,0,0,0,0,0,0,0,5,133,0,0,11569,28421,0,0,106,0,0,6,0,0,0,58840,0,0,0,0,0,0,0,5,47282,0,0,0,0
CORE0232.V1.COVID.NP.PRO,0,0,0,0,0,0,0,0,0,0,0,0,0,0,0,0,0,9,0,0,157054,740,0,8,12,0,0,0,0,0,0,6995,0,0,0,0,0,0,0,0,2831,0,0,0,0
CORE0232.V1.COVID.OP.PRO,0,0,0,0,0,0,0,0,0,0,0,0,0,0,0,0,0,11768,0,0,4354,24014,0,0,1009,0,0,0,0,0,0,65982,0,0,0,0,0,0,0,30,40159,0,0,0,0
CORE0232.V2.COVID.NP.PRO,0,0,0,0,0,0,0,0,0,0,0,0,0,0,0,0,0,18,0,0,67049,768,0,2,93,0,0,0,0,0,0,51657,0,0,0,0,0,0,0,0,3173,0,0,0,0
CORE0232.V2.COVID.OP.PRO,0,0,0,0,0,0,0,0,0,0,0,0,0,0,0,0,0,1102,0,0,3135,16973,0,0,89,0,0,0,0,0,0,120545,0,0,2,0,0,0,0,34,31736,0,0,0,0
CORE0233.V1.COVID.NP.PRO,0,0,0,0,0,0,0,0,0,0,0,0,0,0,0,0,0,0,0,0,126469,41,0,4,0,0,0,0,0,0,0,61,0,0,0,0,0,0,0,0,556,0,0,0,0
CORE0233.V1.COVID.OP.PRO,0,0,0,0,0,0,0,0,0,0,0,0,0,0,0,0,16,296,0,0,9874,37652,0,0,313,0,0,0,0,0,0,7938,0,0,0,0,0,0,0,789,68621,0,0,0,0
CORE0233.V2.COVID.NP.PRO,0,0,4,0,0,0,0,0,0,0,6,0,5,13,15,0,5,0,0,0,130727,199,0,26,0,0,0,0,0,0,0,408,0,0,3,3,0,0,3,0,34151,0,0,0,0
CORE0233.V2.COVID.OP.PRO,0,0,0,0,0,0,0,0,0,0,0,0,0,0,0,0,80,258,0,0,473,32690,0,31,19,0,0,0,0,0,0,0,0,0,0,0,0,0,0,0,36517,0,0,0,0
CORE0233.V3.COVID.NP.PRO,0,0,2,0,0,0,0,0,0,0,0,0,0,0,0,0,0,0,0,0,79836,87,0,100,0,0,0,0,0,0,0,53,0,0,0,0,0,0,15,0,27834,0,0,0,0
CORE0233.V3.COVID.OP.PRO,0,0,0,0,0,0,0,0,0,0,0,0,0,0,0,0,35,175,0,0,2669,83602,0,0,7,0,0,0,0,0,0,16,0,0,0,0,0,0,18,0,32180,0,0,0,0
CORE0233.V4.COVID.NP.PRO,0,0,0,0,0,0,0,0,0,0,0,0,0,0,0,0,0,0,0,0,113807,36,0,0,0,0,0,0,0,0,0,43,0,0,5,0,0,0,0,0,43085,0,0,0,0
CORE0233.V4.COVID.OP.PRO,0,0,0,0,0,0,0,0,0,0,0,0,0,0,6,0,0,42,0,0,5171,74588,0,11309,7,0,0,0,0,0,0,1028,0,0,19,0,0,0,102,11,42636,0,0,0,0
CORE0234.V1.COVID.NP.PRO,0,0,0,0,0,0,0,0,0,0,0,0,0,0,0,0,0,0,14,0,141873,169,0,0,2,0,0,0,0,0,0,38,0,0,8,0,0,0,0,3,3897,0,0,0,0
CORE0234.V1.COVID.OP.PRO,0,0,0,0,0,0,0,0,0,0,0,0,0,0,0,0,0,318,0,0,4737,33179,0,0,59,0,0,0,0,0,0,102,0,0,0,0,0,0,0,210,48944,0,0,0,0
CORE0234.V2.COVID.NP.PRO,0,0,0,0,0,0,0,0,0,0,0,0,0,0,0,0,0,0,0,0,151086,0,0,0,0,0,0,0,0,0,0,6,0,0,0,0,0,0,0,0,1484,0,0,0,0
CORE0234.V2.COVID.OP.PRO,0,0,0,0,0,0,0,0,0,0,0,0,0,0,0,0,0,6,0,0,43154,8479,0,0,3,0,0,0,0,0,0,0,0,0,0,0,0,0,0,7,91270,0,0,0,0
CORE0235.V1.COVID.NP.PRO,0,0,0,0,0,0,0,0,0,0,0,0,0,0,0,0,0,0,0,0,54065,4,0,0,0,0,0,0,0,0,0,17,0,0,0,0,0,0,0,0,32120,0,0,0,0
CORE0235.V1.COVID.OP.PRO,0,0,0,0,2,0,0,0,0,0,0,0,0,0,0,0,2,5025,0,0,4802,69688,0,0,398,0,0,28,0,0,0,118,0,0,0,0,0,0,0,112,55514,0,0,0,0
CORE0235.V2.COVID.NP.PRO,0,0,0,0,0,0,0,0,0,0,0,0,0,0,0,0,0,0,0,0,10298,0,0,0,0,0,0,0,0,0,0,0,0,0,0,0,0,0,0,0,97678,0,0,0,0
CORE0235.V2.COVID.OP.PRO,0,0,0,0,0,0,0,0,0,0,0,0,0,0,0,0,0,50,0,0,8094,45419,0,0,101,0,0,0,0,0,0,27,0,0,0,0,0,0,0,0,85969,0,0,0,0
CORE0235.V3.COVID.NP.PRO,0,0,0,0,0,0,0,0,0,0,0,0,0,0,0,0,0,0,0,0,126113,0,0,0,0,0,0,0,0,0,0,4,0,0,0,0,0,0,0,0,9791,0,0,0,0
CORE0235.V3.COVID.OP.PRO,0,0,0,0,0,0,0,0,0,0,0,0,0,0,0,0,0,203,0,0,7348,8490,0,0,221,0,0,0,0,0,0,167,0,0,0,0,0,0,0,162,118280,0,0,0,0
CORE0236.V1.COVID.ETA.PRO,0,0,0,0,0,0,0,0,0,0,0,0,2,0,0,0,14,28,0,0,339,48570,0,0,118,0,0,0,0,0,0,35,0,0,0,0,0,0,0,0,46655,0,0,0,0
CORE0236.V1.COVID.NP.PRO,0,0,0,0,0,0,0,0,0,0,0,0,0,0,0,0,0,0,0,0,9906,11,0,5,0,0,0,0,0,0,0,131,0,0,0,0,0,0,0,0,139210,0,0,0,0
CORE0236.V1.COVID.OP.PRO,0,0,0,0,0,0,0,0,0,0,0,0,0,0,0,0,15,33,0,0,1571,62489,0,0,512,0,0,0,0,0,0,211,0,0,0,0,0,0,0,0,115758,0,0,0,0
CORE0237.V1.COVID.NP.PRO,0,0,0,0,0,0,0,0,0,0,0,0,0,0,0,0,0,26,0,0,20225,96,0,274,10,0,0,0,0,0,0,46,0,0,4,0,0,0,0,0,86359,0,0,0,0
CORE0237.V1.COVID.OP.PRO,0,0,0,0,0,0,0,0,0,0,0,0,0,0,0,0,0,5458,0,0,348,409,0,0,1691,0,0,0,0,0,0,0,0,0,0,0,0,0,0,0,189920,0,0,0,0
CORE0237.V2.COVID.NP.PRO,0,0,13,0,0,0,0,0,0,88,0,0,6,0,18,0,0,96,0,0,7532,73,0,16,7,0,0,0,0,0,0,312,0,0,0,0,0,0,19,0,134805,0,0,0,0
CORE0237.V2.COVID.OP.PRO,0,0,0,0,0,0,0,0,0,0,0,0,0,0,0,0,0,2,0,0,0,0,0,0,7,0,0,0,0,0,0,0,0,0,0,0,0,0,0,0,152391,0,0,0,0
CORE0237.V3.COVID.NP.PRO,0,0,0,0,0,0,0,0,0,0,0,0,0,0,42,0,0,0,0,0,31271,459,0,119,0,0,0,282,0,0,0,22209,0,0,0,0,0,0,0,3,17906,0,0,0,0
CORE0237.V3.COVID.OP.PRO,0,0,20,0,0,0,0,0,0,0,0,0,0,0,0,0,0,0,53,0,634,0,0,1439,0,0,0,0,0,0,0,7571,0,0,0,39,0,0,0,0,28870,0,0,0,0
CORE0237.V4.COVID.NP.PRO,0,0,41,0,22,0,0,0,0,0,0,0,11,24,75,0,0,39,0,0,22042,1753,0,553,0,3,0,1871,0,0,0,36669,0,0,0,0,0,0,115,0,69373,0,0,0,0
CORE0237.V4.COVID.OP.PRO,0,0,0,0,0,0,0,0,0,0,0,0,0,0,0,0,0,1431,0,0,1890,69,0,213,89,0,0,0,0,0,0,10192,0,0,0,0,0,0,0,0,139913,0,0,0,0
CORE0237.V5.COVID.NP.PRO,0,0,438,0,0,0,0,0,0,0,0,0,0,0,77,0,0,0,0,0,24522,1493,0,1585,0,0,0,0,0,0,0,14159,0,0,14,0,0,0,0,0,41033,0,0,0,0
CORE0237.V5.COVID.OP.PRO,0,0,15,0,0,0,0,0,0,0,0,0,0,0,0,0,0,123,0,0,700,52,0,42,32,0,0,0,0,0,0,18647,0,0,0,0,0,0,3,0,118835,0,0,0,0
CORE0237.V6.COVID.NP.PRO,0,0,39,0,0,0,0,0,0,0,36,0,0,0,0,0,0,0,0,0,87755,104,0,650,0,0,0,90,0,0,0,8813,0,0,0,0,0,0,0,24,40827,0,0,0,0
CORE0237.V6.COVID.OP.PRO,0,0,0,0,0,0,0,0,0,0,0,0,0,0,0,0,0,7,0,0,26,8,0,0,6,0,0,0,0,0,0,1662,0,0,0,0,0,0,0,0,148486,0,0,0,0
CORE0237.V7.COVID.NP.PRO,0,0,0,0,0,0,0,0,0,0,0,4,0,0,0,0,0,0,0,0,976,3,0,31,0,0,0,0,0,0,0,642,0,0,0,0,0,0,0,29,135041,0,0,0,0
CORE0237.V7.COVID.OP.PRO,0,0,6,0,0,0,0,0,0,0,0,0,0,0,0,0,0,15,0,0,80,53,0,0,0,0,0,0,0,0,0,1229,0,0,0,0,0,0,0,0,159616,0,0,0,0
CORE0237.V8.COVID.NP.PRO,0,0,0,0,0,0,0,0,0,0,0,0,0,38,0,0,0,31,0,0,94836,774,0,63,0,0,0,154,0,0,0,1493,0,0,0,0,0,0,0,0,43873,0,0,0,0
CORE0237.V8.COVID.OP.PRO,0,0,0,0,0,0,0,0,0,19,0,0,0,0,0,0,0,0,0,0,1445,103,0,0,0,0,0,0,0,0,0,3481,0,0,0,0,0,0,0,0,146991,0,0,0,0
CORE0237.V9.COVID.NP.PRO,0,0,0,0,0,0,0,0,0,0,3,0,2,10,4,0,0,0,0,0,38568,1050,0,97,0,0,0,0,0,0,0,610,0,0,0,0,0,0,0,0,101362,0,0,0,0
CORE0237.V9.COVID.OP.PRO,0,0,0,0,0,0,0,0,0,0,0,0,0,0,0,0,0,0,0,0,41986,38,0,10,1079,0,0,0,0,0,0,959,0,0,0,0,0,0,4,9,105729,0,0,0,0
CORE0238.V1.COVID.NP.PRO,0,0,47,0,0,0,0,0,0,35,0,0,6,0,0,0,0,2,0,0,99769,513,0,18,14,0,0,0,0,0,0,26865,0,0,0,0,0,0,0,0,5839,0,24,0,0
CORE0238.V1.COVID.OP.PRO,0,0,0,0,0,0,0,0,0,0,0,0,0,0,0,0,313,5322,0,0,14676,43441,0,0,551,0,0,3,0,0,0,19165,0,0,0,0,0,0,0,465,58647,0,0,0,0
CORE0239.V1.COVID.NP.PRO,0,0,61,0,0,0,0,0,0,0,0,0,4,0,0,0,0,34,0,0,4475,2997,0,103,20,0,0,0,0,0,0,1240,0,0,11,0,0,0,0,0,2730,0,0,0,0
CORE0239.V1.COVID.OP.PRO,0,0,0,0,0,0,0,0,0,0,0,0,0,0,0,0,164,22,0,0,20759,115629,0,0,705,0,0,98,0,0,0,0,0,0,0,0,0,0,0,57,72751,0,0,0,0
CORE0240.V1.COVID.NP.PRO,0,0,0,0,0,0,0,0,0,0,0,0,4,0,0,0,0,0,0,0,49836,2,0,4,0,0,0,0,0,0,0,106,0,0,0,0,0,0,0,0,86926,0,0,0,0
CORE0240.V2.COVID.NP.PRO,0,0,0,0,0,0,0,0,0,0,0,0,0,0,0,0,0,0,0,0,58912,19519,0,0,0,0,0,0,0,0,0,116,0,0,0,0,0,0,0,0,57828,0,0,0,0
CORE0240.V2.COVID.OP.PRO,0,0,0,0,12,0,0,0,0,0,0,0,0,0,0,0,144,164,0,0,741,187499,0,0,25,0,0,195,0,0,0,55,0,0,0,0,0,0,0,0,20842,0,0,0,0
CORE0242.V1.COVID.NP.PRO,0,0,5,0,0,0,0,0,0,0,0,0,0,0,0,0,22,3,0,0,74451,110,0,0,12,0,0,26,0,0,0,6312,0,0,10,0,0,0,0,2,23610,0,2,0,0
CORE0242.V1.COVID.OP.PRO,0,0,0,0,0,0,0,0,0,0,0,0,0,0,0,0,1605,11089,0,0,6964,18695,0,3,20130,0,0,204,0,0,0,861,0,0,2,0,0,0,0,675,152392,0,0,0,0
CORE0242.V2.COVID.NP.PRO,0,0,0,0,0,0,0,0,0,0,0,0,0,0,0,0,0,15,0,0,413,748,0,31,0,0,0,14,12,0,0,378,0,0,0,0,0,0,0,0,24361,0,0,0,0
CORE0242.V2.COVID.OP.PRO,0,0,0,0,0,0,0,0,0,0,0,0,0,0,0,0,1389,0,0,0,350,745,0,0,0,0,0,2238,0,0,0,254,0,0,0,0,0,0,0,24,3945,0,0,0,0
CORE0242.V3.COVID.NP.PRO,2,29,100,0,0,0,0,0,0,0,167,0,65,0,0,0,0,150,0,0,24819,3579,0,0,0,0,0,0,0,0,0,10282,0,0,9,0,0,0,0,0,6063,0,0,0,0
CORE0242.V3.COVID.OP.PRO,0,0,0,0,0,0,0,0,0,0,0,0,0,0,0,0,3,0,0,0,246,92,0,0,96,0,0,0,0,0,0,8,0,0,0,0,0,0,0,3,119108,0,0,0,0
CORE0242.V4.COVID.ETA.PRO,0,0,0,0,0,0,0,0,0,0,0,0,31,158,87,0,0,0,0,0,3399,481,0,88,0,0,0,0,0,0,0,10275,0,0,3,0,0,0,0,0,3563,18,0,0,0
CORE0242.V4.COVID.NP.PRO,0,0,0,0,0,0,0,0,0,0,0,0,0,0,0,0,0,0,0,0,6,0,0,0,0,0,0,0,0,0,0,7,0,0,0,0,0,0,0,0,16,0,0,0,0
CORE0242.V4.COVID.OP.PRO,0,0,0,0,0,0,0,0,0,0,0,0,0,0,0,0,272,51,0,0,2035,2533,0,0,288,0,0,32,0,0,0,143,0,0,0,0,0,0,0,153,159242,0,0,0,0
CORE0242.V5.COVID.ETA.PRO,0,0,0,0,0,0,0,0,0,0,0,0,1,0,0,0,0,0,0,0,0,0,0,0,0,0,0,0,0,0,0,0,0,0,0,0,0,0,0,0,0,0,0,0,0
CORE0242.V5.COVID.NP.PRO,0,0,0,0,0,0,0,0,0,0,0,0,0,0,0,0,0,0,0,0,153,0,0,0,0,0,0,0,0,0,0,99899,0,0,0,0,0,0,0,0,67188,0,0,0,0
CORE0242.V5.COVID.OP.PRO,0,0,0,0,0,0,0,0,0,0,0,0,0,0,0,0,3,0,0,0,21,38,0,0,19,0,0,0,0,0,0,186999,0,0,0,0,0,0,0,0,35513,0,0,0,0
CORE0242.V6.COVID.NP.PRO,0,0,0,0,0,0,0,0,0,0,0,0,0,0,0,0,0,0,0,0,774,11,0,4,0,0,0,0,0,0,0,79120,0,0,0,0,0,0,0,0,52750,0,0,0,0
CORE0242.V6.COVID.OP.PRO,0,0,0,0,0,0,4,0,0,0,0,0,2,3,0,0,4,0,0,0,1753,83,0,3,5,0,0,0,2,0,0,87607,0,0,0,0,0,0,0,0,82444,2,0,0,0
CORE0244.V1.COVID.NP.PRO,0,0,0,0,0,0,0,0,0,0,0,0,0,0,0,0,0,72,0,0,20635,92,0,0,0,0,0,0,0,0,0,528,0,0,0,0,0,0,0,0,144750,0,0,0,0
CORE0244.V1.COVID.OP.PRO,0,0,0,0,0,0,0,0,0,0,0,0,0,0,0,0,0,21059,0,0,8165,57461,0,0,294,0,0,0,0,0,0,225344,0,0,0,0,0,0,0,200,97585,0,0,0,0
CORE0245.V1.COVID.NP.PRO,0,0,0,0,0,0,0,0,0,0,0,0,0,0,0,0,0,0,0,0,272,0,0,259,0,0,0,0,53,0,0,3772,0,0,0,0,0,0,0,0,389,0,0,0,0
CORE0245.V1.COVID.OP.PRO,0,0,0,0,0,0,0,0,0,0,0,0,0,0,0,0,2,0,0,0,41073,29785,0,0,0,0,0,0,0,0,0,7,0,0,0,0,0,0,0,2,56397,0,0,0,0
CORE0245.V2.COVID.NP.PRO,0,0,8,0,0,0,0,0,0,0,0,0,0,0,0,0,0,0,0,0,120750,46,0,4,0,0,0,0,0,0,0,544,0,0,0,0,0,0,0,15,29849,0,0,0,0
CORE0245.V2.COVID.OP.PRO,0,0,0,0,0,0,0,0,0,0,0,0,0,0,0,0,0,4,0,0,23220,31595,0,0,5,0,0,0,0,0,0,795,0,0,0,0,0,0,0,0,79435,0,0,0,0
CORE0246.V1.COVID.NP.PRO,0,0,24,0,0,0,59,0,0,0,0,0,82,0,300,0,0,0,78,0,16835,2348,0,128,0,0,0,0,0,0,0,9728,0,0,43,98,0,0,0,16,45174,0,0,0,0
CORE0246.V1.COVID.OP.PRO,0,0,0,0,0,0,0,0,0,0,0,2,0,0,0,0,0,70,0,0,72200,19109,0,35,1360,0,0,0,0,0,0,18607,0,0,0,0,0,0,0,3262,161598,0,0,0,0
CORE0247.V1.COVID.NP.PRO,0,0,0,0,0,0,0,0,0,0,0,0,0,0,0,0,0,0,0,0,112737,0,0,2,0,0,0,0,0,0,0,0,0,0,0,0,0,0,0,0,341,0,0,0,0
CORE0247.V1.COVID.OP.PRO,0,0,0,0,0,0,0,0,0,0,0,0,0,0,0,0,0,0,0,0,0,0,0,0,0,0,0,0,0,0,0,0,0,0,0,0,0,0,0,0,3,0,0,0,0
CORE0248.V1.COVID.NP.PRO,0,0,0,0,2,0,0,0,0,0,0,0,0,0,0,0,10,91,0,0,3815,25915,0,0,2,0,0,3,0,0,0,523,0,0,0,0,0,0,0,0,99376,0,0,0,0
CORE0248.V1.COVID.OP.PRO,0,0,0,0,3,0,0,0,0,0,0,0,0,0,0,0,63,2745,0,0,15582,30987,0,0,162,0,0,7,0,0,0,222,0,0,0,0,0,0,0,0,76879,0,0,0,0
CORE0248.V2.COVID.ETA.PRO,0,0,0,0,0,0,0,0,0,0,0,0,0,0,0,0,0,0,0,0,16,19,0,0,0,0,0,0,0,0,0,197,0,0,0,0,0,0,0,0,11100,0,0,0,0
CORE0248.V2.COVID.NP.PRO,0,0,0,0,0,0,0,0,0,0,0,0,0,0,0,0,0,956,0,0,112803,23143,0,0,0,0,0,0,0,0,0,255,0,0,0,0,0,0,0,0,299858,0,0,0,0
CORE0248.V2.COVID.OP.PRO,0,0,0,0,8,0,0,0,0,0,0,0,0,0,0,0,1607,582,0,0,8429,30423,0,0,99,0,0,473,0,0,0,106,0,0,0,0,0,0,0,211,80779,0,0,0,0
CORE0248.V3.COVID.ETA.PRO,0,0,0,0,6,0,0,0,0,0,0,0,0,0,0,0,0,5,0,0,49,45955,0,0,0,0,0,0,0,0,0,82,0,0,0,0,0,0,0,0,461,0,0,0,0
CORE0248.V3.COVID.NP.PRO,0,0,0,0,0,0,0,0,0,0,0,0,0,0,0,0,0,161,0,0,218899,9802,0,0,0,0,0,0,0,0,0,61,0,0,5,0,0,0,0,0,139277,0,0,0,0
CORE0248.V3.COVID.OP.PRO,0,0,0,0,115,0,0,0,0,0,0,0,0,0,0,0,0,2091,0,0,21302,137523,0,0,19,0,0,0,0,0,0,10579,0,0,5,0,0,0,0,0,32573,0,0,0,0
CORE0248.V4.COVID.ETA.PRO,0,0,0,0,0,0,0,0,0,0,0,0,0,0,0,0,0,0,0,0,0,0,0,0,0,0,0,0,0,0,0,0,0,0,0,0,0,0,0,0,0,0,0,0,0
CORE0248.V4.COVID.NP.PRO,0,0,0,0,4,0,0,0,0,0,0,0,0,0,0,0,0,13,0,0,131931,600,0,0,0,0,0,0,0,0,0,2,0,0,16,0,0,0,0,0,23822,0,0,0,0
CORE0248.V4.COVID.OP.PRO,0,0,0,0,325,0,0,0,0,0,0,0,0,0,0,0,313,4414,0,0,8756,31229,0,0,435,0,0,74,0,0,0,5,0,0,0,0,0,0,0,20,94612,0,0,0,0
CORE0248.V5.COVID.ETA.PRO,0,0,0,0,17,0,0,0,0,0,0,0,0,0,0,0,0,0,0,0,13,18397,0,0,0,0,0,0,0,0,0,8,0,0,0,0,0,0,0,0,24,0,0,0,0
CORE0248.V5.COVID.NP.PRO,0,0,0,0,0,0,0,0,0,0,0,0,0,0,0,0,0,4,0,0,157507,39,0,0,0,0,0,0,0,0,0,0,0,0,9,0,0,0,0,0,51943,0,0,0,0
CORE0248.V5.COVID.OP.PRO,0,0,0,0,167,0,0,0,0,0,0,0,0,0,0,0,193,1559,0,0,10123,15300,0,0,82,0,0,156,0,0,0,27,0,0,0,0,0,0,0,15,150383,0,0,0,0
CORE0248.V6.COVID.ETA.PRO,0,0,0,0,0,0,0,0,0,0,0,0,0,0,0,0,0,0,0,0,20,242,0,0,0,0,0,0,0,0,0,633,0,0,0,0,0,0,0,0,11,0,0,0,0
CORE0248.V6.COVID.NP.PRO,0,0,0,0,24,0,0,0,0,0,0,0,0,0,0,0,0,56,0,0,370104,8897,0,0,14,0,0,0,0,0,0,64138,0,0,0,0,0,0,0,0,90085,0,0,0,0
CORE0248.V6.COVID.OP.PRO,0,0,0,0,4,0,0,0,0,0,0,0,0,0,0,0,2,103,0,0,20870,48799,0,0,15,0,0,0,0,0,0,5,0,0,0,0,0,0,0,0,73084,0,0,0,0
CORE0251.V1.COVID.NP.PRO,0,0,0,0,0,0,0,0,0,0,0,0,0,0,0,0,0,7,0,0,3642,238661,0,0,91,0,0,0,0,0,0,490,0,0,0,0,0,0,0,0,6272,0,0,0,0
CORE0251.V1.COVID.OP.PRO,0,0,0,0,0,0,0,0,0,0,0,0,0,0,0,0,0,227,0,0,220,51557,0,0,35,0,0,0,0,0,0,783,0,0,0,0,0,0,0,0,44442,0,0,0,0
CORE0251.V2.COVID.ETA.PRO,0,0,0,0,0,0,0,0,0,6,0,0,23,0,0,0,0,22,0,0,3790,14113,0,8,6,4,0,0,0,0,0,776,0,0,23,0,0,0,0,27,95692,0,0,0,0
CORE0251.V2.COVID.NP.PRO,0,0,0,0,0,0,0,0,0,0,0,5,0,0,0,0,6,40,0,0,22744,84343,0,0,13,0,0,38,0,0,0,159,0,0,0,0,0,0,0,4,9801,4,0,0,0
CORE0251.V2.COVID.OP.PRO,0,0,0,0,0,0,0,0,0,0,0,0,0,0,0,0,0,547,0,0,1189,59753,0,0,419,0,0,7,0,0,0,1723,0,0,0,0,0,0,0,3,42574,0,0,0,0
CORE0251.V3.COVID.NP.PRO,0,0,0,0,0,0,0,0,0,0,0,0,0,0,0,0,0,14,0,0,4198,2621,0,0,2,0,0,0,0,0,0,457,0,0,0,0,0,0,3,0,141561,0,0,0,0
CORE0251.V3.COVID.OP.PRO,0,0,0,0,0,0,0,0,0,0,0,0,0,0,0,0,0,493,0,0,14804,67958,0,0,118,0,0,7,0,0,0,6370,0,0,0,0,0,0,0,0,12975,0,0,0,0
CORE0251.V4.COVID.NP.PRO,0,0,0,0,0,0,0,0,0,0,0,0,0,0,0,0,0,0,0,0,5702,103,0,0,0,0,0,0,0,0,0,19,0,0,0,0,0,0,0,0,138900,0,0,0,0
CORE0251.V4.COVID.OP.PRO,0,0,0,0,0,0,0,0,0,0,0,0,0,0,0,0,0,468,0,0,2622,23563,0,0,65,0,0,14,0,0,0,184421,0,0,0,0,0,0,0,0,7991,0,0,0,0
CORE0252.V1.COVID.NP.PRO,0,0,0,0,0,0,0,0,0,0,0,0,0,0,0,0,0,0,0,0,347,33,0,89,0,0,0,0,0,0,0,112,0,0,0,0,0,0,0,0,148929,0,0,0,0
CORE0252.V1.COVID.OP.PRO,0,0,0,0,0,0,0,0,0,0,0,0,0,0,0,0,8,0,0,0,14,20,0,0,0,0,0,0,0,0,0,33,0,0,0,0,0,0,0,0,127657,0,0,0,0
CORE0252.V2.COVID.ETA.PRO,0,0,0,0,0,0,0,0,0,0,0,0,0,0,0,0,0,0,0,0,0,0,0,0,0,0,0,0,0,0,0,6,0,0,0,0,0,0,0,0,71600,0,0,0,0
CORE0252.V2.COVID.NP.PRO,0,0,8,0,0,0,0,0,0,0,10,0,0,0,0,0,0,0,0,0,103,23,0,11,0,0,0,0,0,0,0,102,0,0,0,0,0,0,0,0,114092,0,0,0,0
CORE0252.V2.COVID.OP.PRO,0,0,0,0,0,0,0,0,0,0,0,0,0,0,0,0,0,0,0,0,0,0,0,0,0,0,0,0,0,0,0,7,0,0,0,0,0,0,0,0,162327,0,0,0,0
CORE0252.V3.COVID.ETA.PRO,0,0,0,0,0,0,0,0,0,0,0,0,0,0,0,0,6,0,0,0,0,0,0,0,0,0,0,4,0,0,0,38,0,0,0,0,0,0,0,0,43266,0,0,0,0
CORE0252.V3.COVID.NP.PRO,0,0,0,0,0,9,0,0,0,0,10,0,2,0,0,0,0,147,0,0,1245,14256,0,310,41,0,0,0,0,0,0,1012,0,0,0,10,0,0,49,0,376331,0,0,0,0
CORE0252.V3.COVID.OP.PRO,0,0,0,0,0,0,0,0,0,0,0,0,0,0,0,0,0,0,0,0,0,0,0,0,0,0,0,0,0,0,0,2,0,0,0,0,0,0,0,0,139079,0,0,0,0
CORE0252.V4.COVID.NP.PRO,0,0,26,0,0,0,0,0,0,0,43,95,2,99,24,0,0,0,6,0,2708,13571,0,1256,0,0,0,0,0,0,0,4941,0,0,3,0,0,0,0,0,66648,24,0,0,0
CORE0252.V4.COVID.OP.PRO,0,0,0,0,0,0,0,0,0,0,0,0,0,0,0,0,0,0,0,0,4,0,0,0,0,0,0,0,0,0,0,4,0,0,0,0,0,0,0,0,193715,0,0,0,0
CORE0252.V5.COVID.ETA.PRO,0,0,0,0,0,0,0,0,0,0,0,0,0,0,0,0,0,0,0,0,3,3,0,0,0,0,0,0,0,0,0,0,0,0,0,0,0,0,0,0,116926,0,0,0,0
CORE0252.V5.COVID.NP.PRO,0,0,26,0,0,0,0,0,0,0,0,0,0,17,0,0,0,0,0,0,7237,16064,0,75,0,10,0,0,0,0,0,4891,0,0,0,30,0,0,49,0,422789,59,0,0,0
CORE0252.V5.COVID.OP.PRO,0,0,0,0,0,0,0,0,0,0,0,0,0,0,0,0,0,0,0,0,3,0,0,0,0,0,0,0,0,0,0,0,0,0,0,0,0,0,0,0,154511,0,0,0,0
CORE0252.V6.COVID.NP.PRO,0,0,0,0,0,0,0,0,0,0,0,0,0,0,0,0,0,0,0,0,195,5,0,4,0,0,0,0,0,0,0,78,0,0,0,0,0,0,0,0,111672,0,0,0,0
CORE0252.V6.COVID.OP.PRO,0,0,0,0,0,0,0,0,0,0,0,0,0,0,0,0,15,0,0,0,15,5,0,0,0,0,0,0,0,0,0,0,0,0,0,0,0,0,0,0,185835,0,0,0,0
CORE0253.V1.COVID.NP.PRO,0,0,0,0,3,0,0,0,0,0,4,0,0,0,7,0,3,43,0,0,78500,841,0,89,0,0,0,11,0,0,0,33581,0,0,0,0,0,0,6,28,6157,0,0,0,0
CORE0253.V1.COVID.OP.PRO,0,0,0,0,8,0,0,0,0,0,0,0,0,0,0,0,110,0,0,0,3418,49691,0,0,8,0,0,34,0,0,0,17,0,0,0,0,0,0,0,35,100782,0,0,0,0
CORE0254.V1.COVID.NP.PRO,0,0,0,0,0,0,0,0,0,0,0,0,0,0,0,0,0,12,0,0,322342,18,0,0,0,0,0,0,0,0,0,14,0,0,0,0,0,0,0,0,53222,0,0,0,0
CORE0254.V1.COVID.OP.PRO,0,0,0,0,0,0,0,0,0,0,0,0,0,0,0,0,0,1780,0,0,33821,62280,0,0,873,0,0,0,0,0,0,8,0,0,0,0,0,0,0,0,99536,0,0,0,0
CORE0254.V2.COVID.NP.PRO,0,0,0,0,0,0,0,0,0,0,0,0,0,0,0,0,0,29,0,0,74898,162,0,22,0,0,0,0,0,0,0,62,0,0,0,0,0,0,0,0,41870,0,0,0,0
CORE0254.V2.COVID.OP.PRO,0,0,0,0,0,0,0,0,0,0,0,0,0,0,0,0,0,1363,0,0,11098,74417,0,0,191,0,0,0,0,0,0,0,0,0,0,0,0,0,0,0,44089,0,0,0,0
CORE0255.V1.COVID.NP.PRO,0,0,0,0,0,0,0,0,0,0,0,0,0,0,0,0,0,0,0,0,22263,146,0,0,0,0,0,0,0,0,0,104036,0,0,0,0,0,0,0,0,1963,0,0,0,0
CORE0255.V1.COVID.OP.PRO,0,0,0,0,0,0,0,0,0,0,0,0,0,0,0,0,0,27,0,0,10,50743,0,0,233,0,0,0,0,0,0,122927,0,0,0,0,0,0,0,0,47982,0,0,0,0
CORE0255.V2.COVID.NP.PRO,0,0,0,0,0,0,0,0,0,0,0,0,0,0,0,0,0,4,0,0,2011,114,0,0,0,0,0,0,0,0,0,208054,0,0,0,0,0,0,0,0,251,0,0,0,0
CORE0255.V2.COVID.OP.PRO,0,0,0,0,0,0,0,0,0,0,0,0,0,0,0,0,71,0,0,0,15,3343,0,0,0,0,0,27,0,0,0,82352,0,0,0,0,0,0,0,6,3118,0,0,0,0
CORE0255.V3.COVID.ETA.PRO,0,0,0,0,0,0,0,0,0,0,0,0,0,0,0,0,0,0,0,0,0,0,0,0,0,0,0,0,0,0,0,916,0,0,0,0,0,0,0,0,0,0,0,0,0
CORE0255.V3.COVID.NP.PRO,0,0,0,0,0,0,0,0,0,0,0,0,0,0,0,0,0,0,0,0,3376,25,0,0,0,0,0,0,0,0,0,311365,0,0,0,0,0,0,0,0,295,0,0,0,0
CORE0255.V3.COVID.OP.PRO,0,0,0,0,0,0,0,0,0,0,0,0,0,0,0,0,0,0,0,0,11,9048,0,0,29,0,0,0,0,0,0,197589,0,0,0,0,0,0,0,0,222970,0,0,0,0
CORE0255.V4.COVID.NP.PRO,0,0,0,0,0,0,0,0,0,0,0,0,0,0,0,0,0,0,0,0,3620,3,0,0,0,0,0,0,0,0,0,173011,0,0,0,0,0,0,0,0,1525,0,0,0,0
CORE0255.V4.COVID.OP.PRO,0,0,0,0,0,0,0,0,0,0,0,0,0,0,0,0,85,0,0,0,59,189,0,0,83,0,0,0,0,0,0,123972,0,0,0,0,0,0,0,9,56793,0,0,0,0
CORE0255.V5.COVID.ETA.PRO,0,0,0,0,0,0,0,0,0,0,0,0,0,0,0,0,0,0,0,0,1452,4,0,0,872,0,0,0,0,0,0,110312,0,0,0,0,0,0,0,0,13813,0,0,0,0
CORE0255.V5.COVID.NP.PRO,0,0,0,0,0,0,0,0,0,0,0,0,0,0,0,0,0,0,0,0,4549,0,0,0,0,0,0,0,0,0,0,218578,0,0,0,0,0,0,0,0,818,0,0,0,0
CORE0255.V5.COVID.OP.PRO,0,0,0,0,0,0,0,0,0,0,0,0,0,0,10,0,219,0,0,0,121,462,0,5,3600,0,0,0,0,0,0,28683,0,0,0,0,0,0,0,31,278397,0,0,0,0
CORE0255.V6.COVID.ETA.PRO,0,0,0,0,0,0,0,0,0,0,0,0,0,0,0,0,0,0,0,0,502,2,0,0,0,0,0,0,0,0,0,3004,0,0,0,0,0,0,4,0,437,0,0,0,0
CORE0255.V6.COVID.NP.PRO,0,0,0,0,0,0,0,0,0,0,0,0,0,0,0,0,0,0,0,0,71,0,0,0,0,0,0,0,0,0,0,133938,0,0,0,0,0,0,0,0,8,0,0,0,0
CORE0255.V6.COVID.OP.PRO,0,0,0,0,0,0,0,0,0,0,0,0,0,0,0,0,24,0,0,0,78,11,0,0,5,0,0,0,0,0,0,13777,0,0,0,0,0,0,0,0,105149,0,0,0,0
CORE0255.V7.COVID.NP.PRO,0,0,0,0,0,0,0,0,0,0,0,0,0,0,0,0,0,0,0,0,79802,0,0,0,7,0,0,0,0,0,0,32405,0,0,0,0,0,0,0,0,1083,0,0,0,0
CORE0255.V7.COVID.OP.PRO,0,0,0,0,0,0,0,0,0,0,0,0,0,0,0,0,0,0,0,0,160,0,0,8,162,0,0,0,0,0,0,4757,0,0,0,0,0,0,0,0,95306,0,0,0,0
CORE0256.V1.COVID.ETA.PRO,0,0,6,0,0,0,0,0,0,0,0,0,0,10,0,0,0,0,0,0,511,38003,0,3,0,0,0,0,0,0,0,284,0,0,0,0,0,0,3,0,75950,0,0,0,0
CORE0256.V1.COVID.NP.PRO,0,0,0,0,0,0,0,0,0,0,0,0,0,0,0,0,11,20,0,0,43,38,0,0,0,0,0,4,0,0,0,6,0,0,0,0,0,0,0,11,2649,0,0,0,0
CORE0256.V1.COVID.OP.PRO,0,0,0,0,0,0,0,0,0,0,0,0,0,0,0,0,0,0,0,0,0,0,0,0,0,0,0,0,0,0,0,0,0,0,0,0,0,0,0,0,23,0,0,0,0
CORE0256.V2.COVID.ETA.PRO,0,0,5,0,0,0,0,0,0,0,0,3,0,6,8,0,26,30,0,0,9820,56,0,70,7,0,0,0,0,0,0,356,0,0,0,0,0,0,0,17,98809,0,0,0,0
CORE0256.V2.COVID.NP.PRO,0,0,0,0,0,0,0,0,0,0,35,0,0,0,0,0,0,0,0,0,87,0,0,0,0,0,0,0,0,0,0,0,0,0,0,0,0,0,0,0,5,0,0,0,0
CORE0256.V2.COVID.OP.PRO,0,0,0,0,11,0,0,0,0,0,0,0,0,0,0,0,603,613,0,0,5092,3188,0,0,218,0,0,14,0,0,0,1194,0,0,0,0,0,0,0,148,175521,0,0,0,0
CORE0257.V1.COVID.NP.PRO,0,0,0,0,0,0,0,0,0,0,0,0,0,0,0,0,0,4,0,0,110431,113,0,5,8,0,0,5,0,0,0,416,0,0,0,0,0,0,0,0,10997,0,0,0,0
CORE0257.V1.COVID.OP.PRO,0,0,0,0,0,0,0,0,0,0,0,0,0,0,0,0,0,28,0,0,24583,20339,0,0,219,0,0,2,0,0,0,159,0,0,0,0,0,0,0,8,66222,0,0,0,0
CORE0257.V2.COVID.NP.PRO,0,0,0,0,0,0,0,0,0,0,0,0,0,0,0,0,0,0,0,0,55249,120,0,0,0,0,0,0,0,0,0,628,0,0,0,0,0,0,0,0,827,0,0,0,0
CORE0257.V2.COVID.OP.PRO,0,0,0,0,0,0,0,0,0,0,0,0,0,0,0,0,7,135,0,0,580,73421,0,0,138,0,0,10,0,0,0,0,0,0,0,0,0,0,0,0,42567,0,0,0,0
CORE0257.V3.COVID.NP.PRO,0,0,0,0,0,0,0,0,0,0,0,0,0,0,0,0,5,34,4,0,57387,7355,0,3,21,0,0,0,0,0,0,25375,0,0,0,0,0,0,0,0,19812,0,0,0,0
CORE0257.V3.COVID.OP.PRO,0,0,0,0,0,0,0,0,0,0,0,0,0,0,0,0,0,11536,0,0,351,48675,0,15,177,0,0,0,0,0,0,71,0,0,0,0,0,0,0,0,47484,0,0,0,0
CORE0258.V1.COVID.NP.PRO,70,0,0,0,364,0,0,0,0,0,0,0,0,0,31,0,1407,421,0,0,88767,6231,0,34,694,0,0,45,72,0,0,82047,0,0,0,0,0,0,0,85,19113,14,39,0,0
CORE0258.V1.COVID.OP.PRO,6,0,0,0,1873,0,0,0,0,0,0,0,0,0,2,0,9766,2772,0,0,11520,34541,0,3,3467,0,0,199,4,0,0,10465,0,0,1,0,0,0,0,463,18851,0,4,0,0
CORE0259.V2.COVID.NP.PRO,93,252,0,0,0,0,33,0,0,0,0,0,0,0,38,0,0,29,0,0,306,52,0,21,0,0,0,0,320,0,0,1084,0,0,0,0,0,0,8,0,226,0,131,0,0
CORE0259.V2.COVID.OP.PRO,0,0,0,0,0,0,0,0,0,0,0,0,0,0,0,0,2,46,0,0,19893,1226,0,4,67,0,0,6,0,0,0,2570,0,0,0,0,0,0,0,5,68776,0,0,0,0
CORE0260.V1.COVID.NP.PRO,0,3,0,0,0,0,3,0,0,0,0,0,0,0,0,0,0,0,0,0,69941,24,0,6,0,0,0,0,18,0,0,7540,0,0,0,0,0,0,0,0,3879,0,0,0,0
CORE0260.V1.COVID.OP.PRO,0,0,0,0,0,0,0,0,0,0,0,0,0,0,0,0,0,38,0,0,5015,1154,0,0,8,0,0,0,0,0,0,8432,0,0,0,0,0,0,0,8,64617,0,0,0,0
CORE0260.V2.COVID.NP.PRO,0,0,0,0,0,0,0,0,0,0,0,0,0,0,0,0,0,71,0,0,99376,63,0,0,0,0,0,0,0,0,0,7669,0,0,0,0,0,0,0,0,4127,0,0,0,0
CORE0260.V2.COVID.OP.PRO,0,0,0,0,0,0,0,0,0,0,0,0,0,0,0,0,49,900,0,19,8949,46543,0,0,7,0,0,50,0,0,0,1125,0,0,0,0,0,0,0,10,65559,0,0,0,0
CORE0260.V3.COVID.NP.PRO,28,13,2,0,0,0,0,0,0,0,17,2,0,0,0,0,0,442,0,0,72812,1418,0,22,0,0,0,0,55,0,0,17674,0,0,0,0,0,2,0,0,8869,0,18,0,0
CORE0260.V3.COVID.OP.PRO,0,0,0,0,0,0,0,0,0,0,0,0,0,0,0,0,5,9334,0,0,21199,21132,0,0,17,0,0,0,0,0,0,166,0,0,0,0,0,0,0,0,39124,0,0,0,0
CORE0260.V4.COVID.NP.PRO,5,0,0,0,0,0,0,0,0,0,0,0,0,0,0,0,32,1766,0,4,16877,28484,0,8,106,0,0,2,6,0,0,4529,0,0,0,0,0,0,0,0,34994,0,0,0,0
CORE0260.V4.COVID.OP.PRO,0,0,0,0,3,0,0,0,0,0,0,0,0,0,0,0,279,1740,0,0,1901,41919,0,0,561,0,0,6,0,0,0,41,0,0,30,0,0,0,0,0,46650,0,0,0,0
CORE0261.V1.COVID.ETA.PRO,0,0,0,0,0,0,0,0,0,31,0,0,17,0,22,0,0,60,0,0,1211,56462,0,84,0,0,0,0,0,0,0,496,0,0,0,0,0,0,0,29,51473,0,0,0,0
CORE0261.V3.COVID.ETA.PRO,0,0,0,0,0,0,0,0,0,0,0,0,0,0,0,0,0,0,0,0,0,0,0,0,0,0,0,0,0,0,0,0,0,0,0,0,0,0,0,0,0,0,0,0,0
CORE0261.V4.COVID.ETA.PRO,0,0,0,0,0,0,0,0,0,0,0,0,0,0,0,0,0,0,0,0,0,91,0,0,0,0,0,0,0,0,0,23516,0,0,0,0,0,0,0,0,0,0,0,0,0
CORE0262.V1.COVID.NP.PRO,0,0,0,0,0,0,0,0,0,0,0,0,0,0,0,0,0,4,0,0,71769,149,0,9,0,0,0,0,2,0,0,326,0,0,0,0,0,0,0,7,6348,0,0,0,0
CORE0262.V2.COVID.NP.PRO,0,0,0,0,0,0,0,0,0,0,0,0,0,0,0,0,0,0,0,0,69886,22,0,0,4,0,0,0,0,0,0,1094,0,0,0,0,0,0,0,0,11879,0,0,0,0
CORE0262.V2.COVID.OP.PRO,4,3,0,0,0,0,0,0,0,0,0,0,0,0,0,0,0,36,0,0,7385,49,0,0,2,0,0,0,0,0,0,133,0,0,0,0,0,0,0,0,91883,0,4,0,0
CORE0263.V1.COVID.ETA.PRO,0,0,0,0,0,0,0,0,0,0,0,0,0,0,0,0,0,0,0,0,0,0,0,0,0,0,0,0,0,0,0,0,0,0,0,0,0,0,0,0,3,0,0,0,0
CORE0263.V1.COVID.NP.PRO,0,0,0,0,0,0,0,0,0,0,0,0,0,0,0,0,0,53,0,0,6869,83333,0,0,0,0,0,0,0,0,0,17,0,0,0,0,0,0,0,0,6780,0,0,0,0
CORE0263.V1.COVID.OP.PRO,0,0,0,0,0,0,0,0,0,0,0,0,0,0,0,0,0,321,0,0,8667,64871,0,0,2,0,0,0,0,0,0,25,0,0,0,0,0,0,0,0,23401,0,0,0,0
CORE0263.V2.COVID.NP.PRO,0,0,0,0,0,0,0,0,0,0,0,0,0,0,0,0,0,0,0,0,61365,171,0,0,0,0,0,0,0,0,0,42027,0,0,2,0,0,0,0,0,7687,0,0,0,0
CORE0263.V2.COVID.OP.PRO,0,0,0,0,0,0,0,0,0,0,0,0,0,0,0,0,0,7,0,0,1496,81811,0,0,0,0,0,0,0,0,0,3223,0,0,0,0,0,0,0,0,5072,0,0,0,0
CORE0263.V3.COVID.NP.PRO,0,0,0,0,0,0,0,0,0,0,0,0,0,0,0,0,0,0,0,0,2092,14,0,0,0,0,0,0,0,0,0,33,0,0,0,0,0,0,0,0,174174,0,0,0,0
CORE0263.V3.COVID.OP.PRO,0,0,0,0,0,0,0,0,0,0,0,0,0,0,0,0,0,128,0,0,2977,99597,0,0,9,0,0,0,0,0,0,2011,0,0,0,0,0,0,0,0,17323,0,0,0,0
CORE0263.V4.COVID.NP.PRO,0,0,0,0,0,0,0,0,0,0,0,0,0,0,0,0,0,0,0,0,56565,47,0,0,0,0,0,0,0,0,0,81721,0,0,0,0,0,0,0,0,22635,0,0,0,0
CORE0263.V4.COVID.OP.PRO,0,0,0,0,0,0,0,0,0,0,0,0,0,0,0,0,0,1588,0,0,4230,41824,0,0,44,0,0,0,0,0,0,27545,0,0,0,0,0,0,0,0,64038,0,0,0,0
CORE0263.V5.COVID.ETA.PRO,0,0,0,0,0,0,0,0,0,0,0,0,0,0,0,0,0,0,0,0,0,0,0,0,0,0,0,0,0,0,0,281,0,0,0,0,0,0,0,0,0,0,0,0,0
CORE0263.V5.COVID.NP.PRO,0,0,0,0,0,0,0,0,0,0,0,0,0,0,0,0,0,0,0,0,6458,311,0,0,0,0,0,0,0,0,0,41328,0,0,0,0,0,0,0,0,2154,0,0,0,0
CORE0263.V5.COVID.OP.PRO,0,0,0,0,0,0,0,0,0,0,0,0,0,0,0,0,0,361,0,0,424,7506,0,0,33,0,0,0,0,0,0,107709,0,0,0,0,0,0,0,0,60021,0,0,0,0
CORE0263.V6.COVID.ETA.PRO,0,0,0,0,0,0,0,0,0,0,0,0,0,0,0,0,0,0,0,0,0,0,0,0,0,0,0,0,0,0,0,0,0,0,0,0,0,0,0,0,0,0,0,0,0
CORE0263.V6.COVID.NP.PRO,0,0,0,0,0,0,0,0,0,0,0,0,0,0,0,0,0,0,0,0,34301,0,0,0,0,0,0,0,0,0,0,70323,0,0,0,0,0,0,0,0,4627,0,0,0,0
CORE0263.V6.COVID.OP.PRO,0,0,0,0,0,0,0,0,0,0,0,0,0,0,0,0,21,7917,0,0,5645,29039,0,0,410,0,0,0,0,0,0,51362,0,0,0,0,0,0,0,0,13469,0,0,0,0
CORE0264.V2.COVID.ETA.PRO,0,0,0,0,0,0,0,0,0,0,0,0,0,0,0,0,77,31,0,0,371349,41496,0,0,256,0,0,0,0,0,0,3,0,0,0,0,0,0,0,0,26879,0,0,0,0
CORE0264.V2.COVID.NP.PRO,0,104,0,0,0,0,122,0,0,0,0,0,0,0,0,0,0,0,0,0,2528,0,0,696,0,0,0,0,651,0,0,4141,0,0,0,0,0,0,0,0,1884,0,0,0,0
CORE0264.V2.COVID.OP.PRO,0,0,0,0,0,0,0,0,0,0,0,0,0,0,0,0,0,0,0,0,175212,10150,0,0,76,0,0,0,0,0,0,0,0,0,0,0,0,0,0,0,3605,0,0,0,0
CORE0266.V1.COVID.NP.PRO,106,326,0,0,0,0,0,0,0,0,90,0,97,0,0,0,0,257,0,0,6244,1213,0,66,0,0,0,0,486,0,0,4859,0,0,0,0,0,0,0,0,6246,0,196,0,0
CORE0266.V1.COVID.OP.PRO,0,0,0,0,0,0,0,0,0,0,0,0,0,0,0,0,6,61,0,0,37135,74672,0,0,117,0,0,0,0,0,0,291,0,0,2,0,0,0,0,0,35357,0,0,0,0
CORE0266.V2.COVID.NP.PRO,99,0,0,0,0,0,19,0,0,0,0,0,11,2,0,0,0,113,0,0,58830,6091,0,38,0,0,0,0,205,0,0,1835,0,0,16,0,0,0,0,0,13802,0,52,0,0
CORE0266.V2.COVID.OP.PRO,0,0,0,0,6,0,0,0,0,0,0,0,0,0,0,0,392,52,0,0,17488,61415,0,0,1346,0,0,0,0,0,0,525,0,0,0,0,0,0,0,2,99995,0,0,0,0
CORE0268.V1.COVID.NP.PRO,0,0,0,0,0,0,0,0,0,0,0,0,0,0,0,0,0,0,0,0,22,10,0,0,0,0,0,0,0,0,0,0,0,0,0,0,0,0,0,2,127969,0,0,0,0
CORE0268.V1.COVID.OP.PRO,0,0,0,0,0,0,0,0,0,0,0,0,0,0,0,0,0,37,0,0,13053,1310,0,0,636,0,0,0,0,0,0,241,0,0,0,0,0,0,0,2291,54111,0,0,0,0
CORE0269.V1.COVID.NP.PRO,51,0,26,0,0,0,24,23,0,0,0,0,2,11,0,0,0,0,0,0,43376,62,0,51,0,0,0,36,56,0,0,788,0,0,0,0,0,0,38,0,64500,0,33,0,0
CORE0269.V2.COVID.ETA.PRO,0,0,0,0,0,0,0,0,0,0,0,0,3,0,0,0,0,46,0,0,1038,243,0,324,17,0,0,0,0,0,0,2613,0,0,2,0,0,0,0,0,85548,0,0,0,0
CORE0269.V2.COVID.NP.PRO,0,0,0,0,0,0,4,0,0,0,0,0,0,0,0,0,0,0,0,0,1448,471,0,0,0,0,0,0,27,0,0,506,0,0,0,0,0,0,2,0,122636,0,5,0,0
CORE0269.V2.COVID.OP.PRO,0,0,0,0,0,0,0,0,0,0,0,0,0,0,0,0,0,0,0,0,4,0,0,0,0,0,0,0,0,0,0,0,0,0,0,0,0,0,0,0,99494,0,0,0,0
CORE0269.V3.COVID.ETA.PRO,0,0,0,0,0,0,0,0,0,0,0,0,0,0,0,0,0,0,0,0,0,0,0,0,0,0,0,0,0,0,0,67,0,0,0,0,0,0,0,0,2,0,0,0,0
CORE0269.V3.COVID.NP.PRO,123,62,0,0,0,0,84,0,0,0,55,0,8,0,0,0,0,0,0,0,1084,287,0,89,0,0,0,0,504,0,0,3045,0,0,0,0,0,0,174,0,11973,0,121,0,0
CORE0269.V3.COVID.OP.PRO,0,3,0,0,0,0,0,0,0,0,0,0,0,0,0,0,0,0,0,0,217,95,0,14,14,0,0,0,4,0,0,229,0,0,0,0,0,0,0,0,88157,0,5,0,0
CORE0269.V4.COVID.ETA.PRO,0,0,0,0,0,0,0,0,0,0,0,0,0,0,0,0,0,0,0,0,8682,2,0,0,0,0,0,0,0,0,0,2,0,0,0,0,0,0,0,0,99014,0,0,0,0
CORE0269.V4.COVID.NP.PRO,129,0,0,0,0,0,254,0,0,0,0,0,45,145,0,0,0,0,0,0,3125,673,0,1490,0,9,0,0,1141,0,0,5477,0,0,0,0,0,0,0,0,26663,0,122,0,0
CORE0269.V4.COVID.OP.PRO,0,0,0,0,0,0,0,0,0,0,0,0,0,0,0,0,0,0,0,0,45504,0,0,0,0,0,0,0,0,0,0,0,0,0,0,0,0,0,0,0,62715,0,0,0,0
CORE0269.V5.COVID.NP.PRO,0,52,25,0,0,0,119,0,0,0,0,0,6,66,0,0,0,39,0,0,5456,1074,0,41,0,0,0,0,236,0,0,9807,0,0,0,0,0,0,0,21,85936,0,28,0,0
CORE0269.V5.COVID.OP.PRO,0,0,0,0,0,0,0,0,0,0,0,0,0,0,0,0,0,0,0,0,103133,0,0,0,0,0,0,0,0,0,0,41,0,0,0,0,0,0,0,0,37026,0,0,0,0
CORE0270.V1.COVID.NP.PRO,0,422,27,0,0,0,118,0,0,0,0,0,0,88,0,0,0,0,0,0,2871,417,0,301,0,0,0,0,538,0,0,9560,0,0,0,0,0,0,3378,108,5958,0,0,0,0
CORE0270.V1.COVID.OP.PRO,0,86,0,0,0,0,145,0,0,0,0,0,0,0,0,0,0,0,0,0,2074,0,0,111,0,0,0,0,317,0,0,3276,0,0,0,0,0,0,0,0,1853,0,70,0,0
CORE0271.V1.COVID.NP.PRO,58,2,231,0,0,0,318,0,0,0,0,0,0,188,76,0,0,280,0,0,12091,62,0,144,0,0,0,0,768,0,0,4371,0,0,0,0,0,0,0,113,17464,0,0,0,0
CORE0271.V1.COVID.OP.PRO,140,86,0,0,0,0,0,0,0,0,0,0,0,0,189,0,0,0,0,0,29779,1493,0,15417,0,0,0,0,621,0,0,24674,0,0,0,0,0,0,0,0,11258,96,161,0,0
CORE0272.V1.COVID.NP.PRO,4,0,0,0,0,0,0,0,0,0,0,0,0,0,0,0,0,0,0,0,48508,72,0,0,0,0,0,0,0,0,0,134,0,0,0,0,0,0,0,0,59666,0,0,0,0
CORE0272.V1.COVID.OP.PRO,0,0,0,0,0,0,0,0,0,0,0,0,0,0,0,0,25,5,0,0,313,7416,0,0,16,0,0,0,0,0,0,0,0,0,0,0,0,0,0,30,156505,0,0,0,0
CORE0272.V2.COVID.ETA.PRO,0,0,0,0,0,0,0,0,0,0,0,0,0,0,0,0,32,0,0,0,4,521,0,0,0,0,0,6,0,0,0,12,0,0,0,0,0,0,0,41,331,0,0,0,0
CORE0272.V2.COVID.NP.PRO,0,0,0,0,2,0,0,0,0,0,0,0,0,0,0,0,33,4,0,0,54899,424,0,0,5,0,0,0,0,0,0,58,0,0,0,0,0,0,0,29,25920,0,0,0,0
CORE0272.V2.COVID.OP.PRO,0,0,0,0,0,0,0,0,0,0,0,0,0,0,0,0,55,33,0,0,3380,107670,0,0,137,0,0,0,0,0,0,0,0,0,0,0,0,0,0,45,26158,0,0,0,0
CORE0272.V3.COVID.NP.PRO,117,0,14,0,0,0,187,0,0,0,0,0,0,0,0,0,0,0,0,0,2199,3107,0,0,0,0,0,0,124,0,0,2303,0,0,0,0,0,0,0,0,816,0,0,0,0
CORE0272.V3.COVID.OP.PRO,12,226,0,0,0,0,204,0,0,0,0,0,33,0,0,19,0,187,0,0,1314,3492,0,445,0,0,0,0,240,0,0,3684,0,0,0,0,0,0,0,0,2523,0,96,0,0
CORE0272.V4.COVID.NP.PRO,113,56,0,0,0,0,92,0,0,0,0,0,12,34,0,0,0,171,0,0,73436,9142,0,270,18,0,0,0,92,0,0,1513,0,0,31,0,0,0,0,39,17605,0,26,0,0
CORE0272.V4.COVID.OP.PRO,0,0,0,0,0,0,0,0,0,0,0,0,0,0,0,0,0,41,0,0,39081,14903,0,0,30,0,0,0,0,0,0,0,0,0,0,0,0,0,0,0,75923,0,0,0,0
CORE0272.V5.COVID.ETA.PRO,0,0,0,0,0,0,0,0,0,0,0,0,0,0,0,0,0,83,0,0,344,8895,0,0,14,0,0,0,0,0,0,0,0,0,0,0,0,0,0,0,24816,0,0,0,0
CORE0272.V5.COVID.NP.PRO,31,63,26,0,0,0,55,54,0,0,0,0,2,0,0,0,0,264,0,0,29639,11688,0,63,78,0,0,0,200,0,0,1478,0,0,0,0,0,0,0,70,55574,0,118,0,0
CORE0272.V5.COVID.OP.PRO,0,0,0,0,0,0,0,0,0,0,0,0,0,0,0,0,22,298,0,0,10981,48606,0,0,130,0,0,4,0,0,0,0,0,0,2,0,0,0,0,0,58800,0,0,0,0
CORE0272.V6.COVID.NP.PRO,0,7,0,0,0,0,4,0,0,0,0,0,6,0,0,0,0,7,0,0,89379,380,0,12,14,0,0,0,7,0,0,168,0,0,3,0,0,0,0,0,24091,0,0,0,0
CORE0272.V6.COVID.OP.PRO,0,0,0,0,0,0,0,0,0,0,0,0,0,0,0,0,13,82,0,0,77438,7744,0,0,37,0,0,2,0,0,0,0,0,0,0,0,0,0,0,0,14163,0,0,0,0
CORE0275.V1.COVID.NP.PRO,183,69,82,0,0,0,0,0,0,0,0,0,0,145,0,0,0,520,0,0,1594,3020,0,128,131,0,0,0,265,0,0,2580,0,0,0,0,0,0,0,0,1929,0,49,0,0
CORE0275.V1.COVID.OP.PRO,0,0,0,0,0,0,84,0,0,0,0,96,0,0,0,0,0,538,0,0,1932,5035,0,626,281,0,0,0,1473,0,0,7180,0,0,0,0,0,0,0,0,2663,0,104,0,0
CORE0275.V2.COVID.NP.PRO,0,0,0,0,0,0,0,0,0,0,0,0,0,0,0,0,2,17,0,0,5606,3018,0,0,41,0,0,0,0,0,0,4,0,0,0,0,0,0,0,0,105776,0,0,0,0
CORE0275.V2.COVID.OP.PRO,0,0,0,0,0,0,0,0,0,0,0,0,0,0,0,0,697,2580,0,0,2416,30180,0,0,621,0,0,23,0,0,0,0,0,0,4,0,0,0,0,16,18940,0,0,0,0
CORE0275.V3.COVID.NP.PRO,0,0,0,0,0,0,0,0,0,0,0,0,0,0,0,0,108,3602,0,0,2101,50764,0,0,742,0,0,13,2,0,0,13,0,0,0,0,0,0,0,3,43328,0,0,0,0
CORE0275.V3.COVID.OP.PRO,0,0,0,0,0,0,0,0,0,0,0,0,0,0,0,0,1362,7177,0,0,4997,26965,0,0,3425,0,0,304,0,0,0,0,0,0,0,0,0,0,0,11,65181,0,0,0,0
CORE0275.V4.COVID.NP.PRO,0,0,6,0,0,0,0,0,0,0,0,0,0,0,0,0,0,0,0,0,1571,109,0,154,0,0,0,0,0,0,0,138,0,0,0,0,0,0,0,0,54731,0,0,0,0
CORE0275.V4.COVID.OP.PRO,0,0,0,0,0,0,0,0,0,0,0,0,0,0,0,0,533,1356,0,0,162,86321,0,0,234,0,0,150,0,0,0,2,0,0,0,0,0,0,0,63,65087,0,0,0,0
CORE0276.V1.COVID.NP.PRO,0,0,59,0,0,0,0,0,0,0,0,0,0,0,0,0,0,0,0,0,859,160,0,909,0,0,0,0,151,0,0,3209,0,0,0,0,0,0,0,0,977,0,0,0,0
CORE0276.V1.COVID.OP.PRO,0,0,0,0,0,0,207,0,0,0,0,0,0,105,0,0,0,0,0,0,583,95,0,0,0,0,0,0,172,0,0,3869,0,0,0,0,0,0,0,0,1495,0,0,0,0
CORE0277.V1.COVID.NP.PRO,294,16,0,0,0,0,156,0,0,0,0,0,0,0,0,0,0,0,0,0,3141,31,0,457,0,0,0,0,1056,0,0,6625,0,0,0,0,0,0,0,192,4743,0,116,0,0
CORE0277.V1.COVID.OP.PRO,0,0,0,0,0,0,68,0,0,0,0,0,0,338,0,0,0,0,0,0,2052,99,0,0,0,0,0,0,1121,0,0,4507,0,0,0,0,0,0,0,0,4258,0,0,0,0
CORE0277.V2.COVID.NP.PRO,231,0,0,0,0,0,0,0,0,0,0,0,0,0,0,0,0,95,0,0,42078,246,0,113,268,0,0,0,762,0,0,8681,0,0,0,0,0,0,0,0,64353,0,40,0,0
CORE0277.V2.COVID.OP.PRO,98,110,0,0,0,0,102,0,0,0,0,0,0,271,5,0,0,0,0,0,60495,114,0,386,0,0,0,0,176,0,0,4639,0,0,105,0,0,0,0,31,47780,25,109,0,0
CORE0278.V1.COVID.NP.PRO,219,305,0,0,0,0,324,0,0,0,0,0,0,0,0,0,0,0,0,0,817,160,0,250,0,0,0,0,537,0,0,3365,0,0,0,0,0,0,0,0,792,0,189,0,0
CORE0279.V1.COVID.NP.PRO,9,0,0,0,0,0,0,6,0,2,2,2,0,2,16,0,101,515,0,0,85835,2550,0,257,77,0,0,20,16,0,0,538,0,0,13,0,0,0,400,104,11592,0,0,0,0
CORE0279.V1.COVID.OP.PRO,0,0,0,0,0,0,0,0,0,0,0,0,0,0,0,0,194,4215,0,0,36508,5546,0,0,284,0,0,12,0,0,0,37,0,0,0,0,0,0,0,522,69001,0,0,0,0
CORE0280.V1.COVID.NP.PRO,153,34,0,0,0,0,121,0,0,100,0,0,0,0,0,0,0,228,74,0,1647,645,0,343,0,0,0,0,554,0,0,5431,0,0,0,0,0,0,0,0,1460,0,121,0,0
CORE0280.V1.COVID.OP.PRO,0,568,0,0,0,0,198,0,0,0,0,0,0,0,0,0,0,0,0,0,794,170,0,0,0,0,0,0,823,0,0,3072,0,0,0,0,0,0,0,0,851,0,440,0,0
CORE0282.V1.COVID.ETA.PRO,0,0,70,0,0,0,0,0,0,0,0,0,21,0,0,0,493,224,0,0,8082,16009,0,70,0,0,0,38,0,0,0,2089,0,0,3,0,0,0,0,203,9467,0,0,0,0
CORE0282.V1.COVID.NP.PRO,0,0,0,0,0,0,0,0,0,0,0,0,0,0,0,0,0,2,0,0,33659,378,0,16,0,0,0,0,3,0,0,557,0,0,0,0,0,0,0,0,65014,0,0,0,0
CORE0282.V1.COVID.OP.PRO,0,0,0,0,78,0,0,0,0,0,0,0,0,0,0,0,1110,23,0,0,107,111494,0,0,8,0,0,449,0,0,0,6553,0,0,0,0,0,0,0,15,3264,0,0,0,0
CORE0282.V2.COVID.NP.PRO,9,17,30,28,7,0,13,0,0,370,202,251,0,795,711,0,0,0,20,0,27873,8176,0,9132,18,0,141,0,57,46,0,53004,0,0,504,32,0,0,5348,667,10278,270,0,0,0
CORE0282.V2.COVID.OP.PRO,118,12,0,0,0,0,0,0,0,24,35,302,0,662,973,0,0,16,3,0,50496,2538,0,9921,25,0,0,51,102,0,0,43493,0,0,302,203,0,0,4430,313,7107,279,0,0,0
CORE0282.V3.COVID.NP.PRO,0,17,0,0,0,0,4,0,0,0,0,0,0,0,0,0,0,15,0,0,100530,298,0,85,0,0,0,0,22,0,0,1207,0,0,0,0,0,0,0,6,9406,0,0,0,0
CORE0282.V3.COVID.OP.PRO,0,0,0,0,0,0,0,0,0,0,0,0,0,0,0,4,54,672,0,0,3805,1464,0,0,56,0,0,0,0,0,0,5623,0,0,0,0,0,0,0,143,88890,0,0,0,0
CORE0282.V4.COVID.NP.PRO,84,0,99,0,0,0,0,97,0,0,0,412,0,150,394,0,0,0,0,0,18426,1989,0,425,0,0,0,0,1054,0,0,40079,0,0,0,0,0,0,1383,109,5844,0,0,0,0
CORE0282.V4.COVID.OP.PRO,147,318,3,0,0,0,0,0,0,0,106,459,0,396,106,0,0,172,0,0,19632,487,0,414,0,0,0,0,1134,0,0,16829,117,0,42,0,0,0,543,0,12401,0,285,0,0
CORE0282.V5.COVID.NP.PRO,0,0,0,0,0,0,95,50,0,0,0,0,0,0,0,0,0,0,0,0,1802,199,0,115,0,0,0,0,1153,0,0,5091,0,0,0,0,0,0,0,103,3259,170,0,0,0
CORE0282.V5.COVID.OP.PRO,0,0,0,0,0,0,197,0,0,0,0,0,0,0,2,0,0,0,0,0,14636,133,0,180,0,0,0,0,53,0,0,21577,0,0,0,0,0,0,0,0,27001,0,0,0,0
CORE0283.V1.COVID.NP.PRO,4,0,5,0,0,0,22,0,0,0,0,0,4,0,13,0,0,0,0,0,110599,207,0,207,0,0,0,0,9,0,0,134657,0,0,0,0,0,0,0,0,231943,0,0,0,0
CORE0283.V1.COVID.OP.PRO,0,0,0,0,0,0,0,0,0,0,0,0,0,0,0,0,0,0,0,0,146005,1277,0,0,16,0,0,0,0,0,0,8692,0,0,0,0,0,0,0,0,328392,0,0,0,0
CORE0283.V2.COVID.NP.PRO,27,0,704,0,134,21,0,255,26,783,454,1634,0,2188,2312,0,28,54,24,0,147483,12371,0,17905,403,0,0,72,0,43,0,180322,15,0,1988,307,46,0,25660,1780,48292,1439,0,0,0
CORE0283.V2.COVID.OP.PRO,0,0,52,0,15,86,0,151,0,524,303,2017,0,1525,1244,0,52,20,80,0,130780,10309,0,16337,243,0,0,2,14,3,0,173469,112,0,756,151,0,0,18059,777,22057,1269,0,0,45
CORE0283.V3.COVID.NP.PRO,0,32,22,0,197,96,0,129,0,863,171,1729,0,2296,3228,0,0,81,69,0,150417,14926,0,19787,48,0,0,0,60,219,0,169510,30,0,1986,276,0,0,33546,541,30971,1855,0,0,0
CORE0283.V3.COVID.OP.PRO,0,0,0,64,96,17,0,225,0,1678,1308,2183,0,8757,5852,0,0,113,58,0,265435,30140,0,72828,53,0,0,125,0,118,179,249899,127,0,2194,645,64,0,31928,1439,82288,1959,50,91,0
CORE0283.V4.COVID.NP.PRO,0,0,0,0,0,0,0,0,0,0,0,0,0,0,0,0,0,0,0,0,13089,49,0,25,0,0,0,0,0,0,0,802000,0,0,0,0,0,0,2,0,27022,0,0,0,0
CORE0283.V4.COVID.OP.PRO,0,0,0,0,0,0,0,0,0,0,0,0,0,0,0,0,0,0,0,0,104922,767,0,19,80,0,0,0,0,0,0,656,0,0,0,0,0,0,0,0,347102,0,0,0,0
CORE0284.V1.COVID.NP.PRO,0,0,0,0,0,0,0,0,0,0,0,0,0,0,0,0,0,0,0,0,397770,10,0,0,0,0,0,0,0,0,0,9,0,0,0,0,0,0,0,0,9056,0,0,0,0
CORE0284.V1.COVID.OP.PRO,0,0,0,0,0,0,0,0,0,0,0,0,0,0,0,0,0,16374,0,0,5582,18890,0,3,4502,0,0,0,0,0,0,1375,0,0,2,0,0,0,0,3927,46016,0,0,0,0
CORE0285.V1.COVID.NP.PRO,0,0,0,0,0,0,0,0,0,0,0,0,0,0,0,0,0,0,0,0,89777,13,0,0,0,0,0,0,0,0,0,15,0,0,0,0,0,0,0,0,31744,0,0,0,0
CORE0285.V1.COVID.OP.PRO,0,0,0,0,0,0,0,0,0,0,0,0,0,0,0,0,0,0,0,0,1222,392,0,0,6,0,0,0,0,0,0,4,0,0,0,0,0,0,0,4,157327,0,0,0,0
CORE0285.V2.COVID.NP.PRO,0,0,0,0,0,0,0,0,0,0,0,0,0,0,0,0,0,0,0,0,127296,38,0,21,34,0,0,0,0,0,0,50,0,0,0,0,0,0,3,0,29983,0,0,0,0
CORE0285.V2.COVID.OP.PRO,0,0,0,0,0,0,0,0,0,0,0,0,0,0,0,0,0,4,0,0,6909,9022,0,0,70,0,0,0,0,0,0,0,0,0,2,0,0,0,0,0,99774,0,0,0,0
CORE0285.V3.COVID.NP.PRO,0,0,0,0,0,0,0,0,0,0,0,0,0,0,0,0,0,426,0,0,16711,2234,0,1000,349,0,0,0,152,0,0,5593,0,0,37,0,0,0,36,0,7961,0,0,0,0
CORE0285.V3.COVID.OP.PRO,0,0,0,0,0,0,0,259,0,755,282,5886,0,1037,1233,0,0,0,6,0,72795,1611,0,578,0,0,177,0,0,0,0,71853,0,0,274,99,0,0,5098,0,4500,937,128,0,0
CORE0285.V4.COVID.NP.PRO,0,0,384,6,11,32,0,122,0,546,498,748,0,780,846,0,12,11,9,0,52284,10031,0,8800,27,0,60,0,0,26,0,73587,0,0,794,245,0,0,9498,547,16321,785,0,50,0
CORE0285.V4.COVID.OP.PRO,0,0,0,0,104,0,0,415,0,211,334,298,0,687,926,0,0,0,17,0,55637,5792,0,4140,0,0,0,0,0,122,0,50522,0,0,237,105,0,0,5388,356,31512,381,0,0,0
CORE0286.V1.COVID.NP.PRO,0,0,0,0,0,0,89,0,0,0,0,1440,0,0,906,0,0,0,0,0,29875,163,0,4598,0,0,0,0,0,0,0,24394,0,0,50,0,0,0,1732,0,8754,0,0,0,0
CORE0286.V1.COVID.OP.PRO,150,0,309,0,0,0,126,8,0,874,1173,1778,0,507,2289,0,0,0,287,168,37604,3831,0,4494,0,0,0,0,0,0,0,30419,0,0,411,0,0,0,6295,398,12311,699,0,0,0
CORE0286.V2.COVID.NP.PRO,0,0,0,0,0,0,0,16,0,144,781,425,0,656,887,0,0,0,12,0,68551,1422,0,17534,0,0,0,0,0,0,0,29233,0,0,390,0,0,0,5355,113,40179,1617,0,0,0
CORE0286.V2.COVID.OP.PRO,0,0,0,0,0,0,0,0,0,425,103,992,0,770,642,0,0,0,31,0,74600,8872,0,4948,0,0,0,0,0,0,0,196863,0,0,489,142,0,0,16511,1388,57421,842,0,0,0
CORE0287.V1.COVID.NP.PRO,0,0,31,0,15,12,0,99,0,234,118,598,0,637,887,0,0,25,16,0,56185,5633,0,5356,0,0,65,2,0,41,0,67562,0,9,312,170,0,0,8718,356,16195,1003,0,0,0
CORE0287.V1.COVID.OP.PRO,0,0,0,0,30,0,0,58,18,925,255,484,0,348,1195,0,0,35,21,0,53653,6992,27,7962,0,0,0,0,0,0,0,59369,14,0,352,170,0,0,6813,372,14424,405,0,0,0
CORE0287.V2.COVID.NP.PRO,0,0,0,0,0,0,0,0,0,0,0,0,0,0,0,0,0,1334,0,0,44430,1828,0,3,437,0,0,0,0,0,0,19846,0,0,0,0,0,0,0,58,22006,0,0,0,0
CORE0287.V2.COVID.OP.PRO,0,0,0,0,0,0,0,0,0,0,0,0,0,0,0,0,0,5629,0,0,62538,1273,0,0,492,0,0,0,0,0,0,25172,0,0,0,0,0,0,0,91,60012,0,0,0,0
CORE0288.V1.COVID.NP.PRO,0,0,0,0,3,0,0,0,0,0,0,0,0,0,0,0,0,50,22,0,81305,427,0,0,35,0,0,0,0,0,0,25475,0,0,4,0,0,0,0,10,29706,0,0,0,0
CORE0288.V1.COVID.OP.PRO,0,0,0,0,0,0,0,0,0,0,0,0,0,0,0,0,0,1646,0,0,47830,5497,0,38,577,0,0,0,0,0,0,40912,0,0,2,0,0,0,0,159,49643,0,0,0,0
CORE0288.V2.COVID.NP.PRO,9,16,14,0,0,0,0,0,0,0,0,0,0,0,10,0,0,0,0,0,14598,5163,0,0,0,0,0,0,0,0,0,371,0,0,0,0,0,0,0,8,112653,0,0,0,0
CORE0288.V2.COVID.OP.PRO,0,0,6,0,46,0,0,0,0,3,0,0,0,372,15,0,951,48,0,0,1765,26934,0,0,58,0,0,992,0,0,0,147,0,0,0,0,0,0,0,95,107450,2,0,0,0
CORE0288.V3.COVID.ETA.PRO,0,0,0,0,0,0,0,0,0,0,0,0,0,0,0,0,8,0,0,0,0,1,0,0,0,0,0,4,0,0,0,0,0,0,2,0,0,0,0,0,73688,0,0,0,0
CORE0288.V3.COVID.NP.PRO,0,0,0,0,0,0,0,0,0,0,0,0,0,0,0,0,0,0,0,0,295,1393,0,4,0,0,0,0,0,0,0,43,0,0,0,0,0,0,0,0,78587,0,0,0,0
CORE0288.V3.COVID.OP.PRO,0,0,0,0,0,0,0,0,0,0,0,0,0,0,0,0,18,0,0,0,47,48,0,0,0,0,0,15,0,0,0,5,0,0,0,0,0,0,0,3,148905,0,0,0,0
CORE0288.V4.COVID.ETA.PRO,0,0,0,0,0,0,0,0,0,0,0,0,0,0,0,0,0,0,0,0,0,0,0,0,0,0,0,0,0,0,0,0,0,0,0,0,0,0,0,0,124087,0,0,0,0
CORE0288.V4.COVID.NP.PRO,0,0,0,0,0,0,0,0,0,0,0,0,0,0,0,0,2,0,0,0,27,61,0,0,0,0,0,2,0,0,0,0,0,0,0,0,0,0,0,0,123656,0,0,0,0
CORE0288.V4.COVID.OP.PRO,0,0,0,0,0,0,0,0,0,0,0,0,0,0,0,0,0,0,0,0,31,5,0,0,0,0,0,0,0,0,0,0,0,0,0,0,0,0,0,0,196504,0,0,0,0
CORE0288.V5.COVID.ETA.PRO,0,0,0,0,0,0,0,0,0,0,0,0,1,0,0,0,0,0,0,0,0,0,0,0,0,0,0,0,0,0,0,0,0,0,0,0,0,0,0,0,0,0,0,0,0
CORE0288.V5.COVID.NP.PRO,0,0,0,0,0,0,0,0,0,0,0,0,0,0,0,0,0,0,0,0,29,0,0,0,0,0,0,0,0,0,0,0,0,0,0,0,0,0,0,0,181385,0,0,0,0
CORE0288.V5.COVID.OP.PRO,0,0,0,0,0,0,0,0,0,0,0,0,0,0,0,0,0,0,0,0,0,1841,0,0,0,0,0,0,0,0,0,0,0,0,0,0,0,0,0,0,145774,0,0,0,0
CORE0288.V6.COVID.NP.PRO,0,0,133,0,0,0,0,246,0,12,0,599,0,102,278,0,0,0,0,0,19928,5229,0,377,0,0,0,0,377,0,0,112587,0,0,256,19,0,0,6485,0,2382,0,0,0,0
CORE0288.V6.COVID.OP.PRO,0,0,0,0,0,0,0,0,0,75,0,0,0,0,205,0,0,0,0,0,21937,351,0,293,0,0,0,0,0,0,0,9290,0,0,0,0,0,0,0,0,3857,149,0,0,0
CORE0288.V7.COVID.NP.PRO,0,0,8,0,0,0,0,0,0,0,100,150,0,834,63,0,0,0,0,0,16127,2266,0,670,0,0,0,0,0,0,0,19891,0,0,117,0,0,0,1237,204,6612,725,0,0,0
CORE0288.V7.COVID.OP.PRO,0,0,453,0,0,0,0,0,0,157,0,320,0,434,107,0,0,0,0,0,9377,1711,0,2306,0,0,0,0,0,0,0,18881,0,0,0,0,0,0,3650,283,3141,0,0,0,0
CORE0288.V8.COVID.NP.PRO,0,0,0,0,0,0,0,0,0,0,0,0,0,0,0,0,0,31,0,0,814,36,0,79,2,0,0,0,0,0,0,1996,0,0,2,0,0,0,0,0,131523,0,0,0,0
CORE0288.V8.COVID.OP.PRO,0,0,0,0,0,0,0,0,0,0,0,0,0,0,0,0,0,4103,0,0,33160,1187,0,0,494,0,0,0,0,0,0,15089,0,0,0,0,0,0,0,87,43401,0,0,0,0
CORE0288.V9.COVID.NP.PRO,0,0,13,0,15,0,0,0,0,0,0,0,0,0,0,0,0,169,28,0,183569,1887,0,182,235,0,0,0,0,0,0,59773,0,0,14,0,0,0,0,78,72327,0,0,0,0
CORE0288.V9.COVID.OP.PRO,0,0,227,0,332,0,0,0,0,80,0,0,0,331,0,0,0,685,0,0,8135,3778,0,1701,0,0,0,0,0,0,0,13482,0,0,75,0,0,0,715,0,4938,194,0,0,0
CORE0289.V1.COVID.NP.PRO,0,0,0,0,0,0,0,0,0,0,0,0,0,0,0,0,0,0,0,0,12534,3,0,20,0,0,0,0,0,0,0,11,0,0,0,0,0,0,0,0,166838,0,0,0,0
CORE0289.V1.COVID.OP.PRO,0,0,0,0,0,0,0,0,0,0,0,0,0,0,0,0,0,0,0,0,41052,0,0,2377,0,0,0,0,0,0,0,299,0,0,0,0,0,0,0,0,76429,0,0,0,0
CORE0290.V1.COVID.NP.PRO,0,0,0,0,0,0,0,0,0,0,0,0,0,0,0,0,0,0,0,0,67168,5,0,0,0,0,0,0,0,0,0,22,0,0,0,0,0,0,0,0,50487,0,0,0,0
CORE0290.V1.COVID.OP.PRO,0,0,0,0,0,0,0,0,0,0,0,0,0,0,0,0,210,2170,0,0,6212,3615,0,6,143,0,0,0,0,0,0,60107,0,0,0,0,0,0,0,400,38697,0,0,0,0
CORE0290.V2.COVID.NP.PRO,0,0,0,0,0,0,0,0,0,0,0,0,0,0,0,0,0,0,0,0,102203,0,0,0,0,0,0,0,0,0,0,28,0,0,0,0,0,0,0,2,43789,0,0,0,0
CORE0290.V2.COVID.OP.PRO,0,0,0,0,0,0,0,0,0,0,0,0,0,0,0,0,397,10844,0,0,4280,23516,0,0,600,0,0,0,0,0,0,30516,0,0,0,0,0,0,0,1027,32261,0,0,0,0
CORE0291.V1.COVID.NP.PRO,0,0,0,0,0,0,0,0,0,0,0,0,0,0,0,0,0,0,0,0,114160,0,0,0,0,0,0,0,0,0,0,39,0,0,0,0,0,0,0,0,7667,0,0,0,0
CORE0291.V1.COVID.OP.PRO,0,0,0,0,0,0,0,0,0,0,0,0,0,0,0,0,7,982,0,0,8185,2921,0,0,45,0,0,5,0,0,0,43158,0,0,2,0,0,0,0,156,39339,0,0,0,0
CORE0292.V1.COVID.NP.PRO,0,0,8,0,0,0,0,0,0,0,0,0,0,0,0,0,0,0,0,0,146532,4,0,0,5,0,0,0,0,0,0,351,0,0,0,0,0,0,0,0,5792,0,0,0,0
CORE0292.V1.COVID.OP.PRO,0,0,0,0,0,0,0,0,0,0,0,0,0,0,0,0,119,1716,0,0,16896,11931,0,13983,140,0,0,362,0,0,0,683,0,0,0,0,0,0,3,361,93879,0,0,0,0
CORE0293.V1.COVID.NP.PRO,10,0,0,0,0,0,0,0,0,0,0,0,0,0,0,0,72,37,0,0,89411,265,0,215,0,0,0,0,12,0,0,45042,0,0,12,0,0,0,37,7,15071,0,4,0,0
CORE0293.V1.COVID.OP.PRO,0,0,0,0,6,0,0,0,0,0,0,0,0,0,0,0,844,328,0,0,1404,4504,0,1017,46,0,0,246,0,0,0,6973,0,0,79,0,0,0,0,127,133075,0,0,0,0
CORE0294.V1.nonCOVID.NP.PRO,2,0,6,0,0,0,0,0,0,0,0,0,0,0,0,0,0,82,0,0,90806,9,0,12,0,0,0,0,0,0,0,522,0,0,0,0,0,0,11,18,41202,0,0,0,0
CORE0294.V1.nonCOVID.NP.PS,0,0,0,0,0,0,0,0,0,0,0,0,0,0,0,0,0,95,0,0,80791,99,0,56,6,0,0,0,0,0,0,223,0,0,0,0,0,0,0,18,40044,0,0,0,0
CORE0294.V1.nonCOVID.OP.PRO,0,0,0,0,0,0,0,0,0,0,0,0,0,0,0,0,6,1166,0,0,10091,12331,0,1305,7545,0,0,0,0,0,0,450,0,0,0,0,0,0,0,926,46487,0,0,0,0
CORE0294.V1.nonCOVID.OP.PS,0,0,0,0,0,0,0,0,0,0,0,0,0,0,0,0,540,15214,0,0,16188,33467,0,46670,7771,0,0,60,0,0,0,8555,0,0,0,0,0,0,0,8935,111639,0,0,0,0
CORE0295.V1.nonCOVID.NP.PRO,0,195,0,0,0,0,0,0,0,0,0,0,0,121,289,0,0,0,66,0,21739,1025,0,0,0,0,0,0,177,0,0,7555,0,0,0,0,0,0,187,55,74490,0,0,0,0
CORE0295.V1.nonCOVID.NP.PS,0,0,0,0,0,0,0,0,0,0,0,0,0,0,0,0,0,0,0,0,67596,23,0,284,0,0,0,0,0,0,0,524,0,0,0,0,0,0,37,0,100960,0,0,0,0
CORE0295.V1.nonCOVID.OP.PRO,0,0,27,0,0,0,0,0,0,0,0,0,20,0,0,0,2601,848,0,0,23658,27411,0,48,5550,0,0,0,0,0,0,4213,0,0,0,0,0,0,152,0,65096,0,0,0,0
CORE0295.V1.nonCOVID.OP.PS,0,0,0,0,0,0,0,0,0,10,0,0,8,10,13,0,2929,4268,0,0,12433,38486,0,55,4542,0,0,18,0,0,0,643,0,0,5,0,0,0,0,0,59604,0,0,0,0
CORE0296.V1.nonCOVID.NP.PRO,0,0,87,0,0,0,0,0,0,0,0,0,0,0,0,0,0,0,0,0,513,20,0,162,0,0,0,0,0,0,0,7680,0,0,0,0,0,0,944,0,371,0,0,0,0
CORE0296.V1.nonCOVID.NP.PS,0,0,0,0,0,0,0,0,0,0,0,0,0,0,143,0,0,0,0,0,1405,14,0,349,0,0,0,0,0,0,0,5122,0,0,0,0,0,0,0,0,5579,0,0,0,0
CORE0296.V1.nonCOVID.OP.PRO,0,0,0,0,0,0,0,0,0,0,0,0,0,0,0,0,0,0,0,0,944,455,0,289,0,0,0,0,0,0,0,8878,0,0,0,0,0,0,615,0,2047,0,0,0,0
CORE0296.V1.nonCOVID.OP.PS,0,0,0,0,0,0,0,0,0,0,0,0,0,0,0,0,0,498,0,0,44828,200,0,719,0,0,0,0,0,0,0,7666,0,0,0,0,0,0,0,0,4624,0,0,0,0
CORE0297.V1.COVID.NP.PRO,0,0,0,0,0,0,0,0,0,0,0,0,0,197,0,0,0,0,0,0,2729,143,0,13,0,0,0,0,0,0,0,9804,0,0,0,0,0,0,133,0,349,0,0,0,0
CORE0297.V1.COVID.OP.PRO,0,0,0,0,0,0,0,0,0,0,0,0,0,0,0,0,0,0,0,0,1165,114,0,719,0,0,0,0,0,0,0,5125,0,0,73,0,0,0,149,0,808,0,0,0,0
CORE0298.V1.COVID.NP.PRO,0,0,0,0,0,0,0,0,0,0,0,0,0,0,0,0,0,0,0,0,1846,570,0,2077,0,0,0,0,0,0,0,7150,0,0,154,0,0,0,366,0,948,0,0,0,0
CORE0298.V1.COVID.OP.PRO,0,0,0,0,0,0,0,0,0,221,0,252,0,0,101,0,0,0,9,0,3443,321,0,0,0,0,0,0,0,0,0,5767,0,0,43,64,0,0,0,0,119,0,0,0,0
CORE0298.V2.COVID.NP.PRO,0,0,36,0,0,0,0,0,0,6,0,0,0,0,150,0,47,4675,0,0,38513,4270,0,2067,183,0,0,0,320,0,0,14812,0,0,157,0,0,0,586,61,71758,0,0,0,0
CORE0298.V2.COVID.OP.PRO,0,0,0,0,0,0,0,0,0,0,0,0,0,0,0,0,0,20791,0,0,7221,23489,0,12,5863,0,0,0,0,0,0,1870,0,0,4,0,0,0,0,4443,55775,0,0,0,0
CORE0299.V1.COVID.NP.PRO,0,0,0,0,0,0,0,0,0,304,0,128,0,41,133,0,0,0,0,0,18779,1839,0,1396,0,0,0,0,0,0,0,40101,0,0,0,69,0,0,2638,0,3645,433,0,0,0
CORE0299.V1.COVID.OP.PRO,0,0,0,0,0,0,0,82,0,0,0,0,0,58,162,0,0,0,0,0,9616,785,0,1637,0,0,0,0,0,0,0,11723,0,0,328,0,0,0,734,241,6215,0,0,0,0
CORE0299.V2.COVID.NP.PRO,0,0,12,0,0,0,0,0,0,0,0,0,0,0,0,0,0,0,0,0,99959,266,0,56,0,0,0,26,0,0,0,1790,0,0,0,0,0,0,0,0,31003,0,0,0,0
CORE0299.V2.COVID.OP.PRO,0,0,0,0,0,0,0,0,0,0,0,0,0,0,0,0,0,0,0,0,811,328,0,0,0,0,0,0,0,0,0,7,0,0,0,0,0,0,0,7,108832,0,0,0,0
CORE068.V1.nonCOVID.ETA.DTT.PRO,0,0,0,0,0,0,0,0,0,0,0,0,0,0,0,0,0,0,0,0,0,0,0,0,0,0,0,0,0,0,0,7,0,0,0,0,0,0,0,0,0,0,0,0,0
CORE068.V1.nonCOVID.ETA.DTT.PS,0,0,0,0,0,0,0,0,0,0,0,0,0,0,0,0,0,0,0,0,0,0,0,0,0,0,0,0,0,0,0,3,0,0,0,0,0,0,0,0,0,0,0,0,0
CORE068.V1.nonCOVID.ETA.PRO,0,0,0,0,0,0,0,0,0,0,0,0,0,0,0,0,0,0,0,0,0,0,0,0,0,0,0,0,0,0,0,26,0,0,0,0,0,0,0,0,0,0,0,0,0
CORE068.V1.nonCOVID.ETA.PS,0,0,0,0,0,0,0,0,0,0,0,0,0,0,0,0,0,0,0,0,0,0,0,0,0,0,0,0,0,0,0,4,0,0,0,0,0,0,0,0,0,0,0,0,0
CORE079.V1.nonCOVID.ETA.DTT.PRO,0,0,0,0,0,0,0,0,0,0,0,0,0,0,0,0,0,2,0,0,0,0,0,0,0,0,0,0,0,0,0,0,0,0,0,0,0,0,0,0,0,0,0,0,0
CORE079.V1.nonCOVID.ETA.DTT.PS,0,0,0,0,0,0,0,0,0,0,0,0,0,0,0,0,0,0,0,0,0,0,0,0,0,0,0,0,0,0,0,0,0,0,0,0,0,0,0,0,0,0,0,0,0
CORE079.V1.nonCOVID.ETA.PRO,0,0,0,0,0,0,0,0,0,0,0,0,0,0,0,0,0,0,0,0,0,0,0,0,0,0,0,0,0,0,0,4,0,0,0,0,0,0,0,0,0,0,0,0,0
CORE079.V1.nonCOVID.ETA.PS,0,0,0,0,0,0,0,0,0,0,0,0,0,0,0,0,0,0,0,0,0,0,0,0,0,0,0,0,0,0,0,9,0,0,0,0,0,0,0,0,0,0,0,0,0
ExtrBlk.0702.Control.Blank.PRO,0,0,0,0,0,0,0,0,0,0,0,0,0,0,0,0,0,0,0,0,33,0,0,140,0,0,0,0,0,0,0,843,0,0,0,0,0,0,0,0,0,0,0,0,0
ExtrBlk.0706.Control.Blank.PRO,0,0,0,0,0,0,0,0,0,0,0,0,0,0,0,0,0,36,0,0,133,35,0,0,0,0,0,0,0,0,0,371,0,0,0,0,0,0,0,0,58,0,0,0,0
ExtrBlk1.0709.Control.Blank.PRO,0,0,0,0,0,0,0,0,0,0,0,0,0,0,0,0,0,0,0,0,80,30,0,0,0,0,0,0,0,0,0,864,0,0,0,0,0,0,0,0,0,0,0,0,0
ExtrBlk2.0709.Control.Blank.PRO,0,0,0,0,0,0,0,0,0,0,0,0,0,0,0,0,0,11,0,0,312,36,0,0,0,0,0,0,0,0,0,445,0,0,0,0,0,0,0,0,101,0,0,0,0
HEALTHY.V1.Control.NP.PRO,0,0,0,0,0,0,0,0,0,0,0,0,0,0,0,0,0,0,0,0,46223,8,0,12,0,0,0,0,0,0,0,12006,0,0,0,0,0,0,2,3,6635,0,0,0,0
HEALTHY.V1.Control.NP.PS,0,0,0,0,0,0,0,0,0,0,0,0,0,0,0,0,0,0,0,0,7642,15,0,15,0,0,0,0,0,0,0,146263,0,0,0,0,0,0,0,0,5122,0,0,0,0
HEALTHY.V1.Control.OP.PRO,0,0,0,0,0,0,0,0,0,0,0,0,0,0,0,0,18,3359,0,0,2448,10681,0,0,100,0,0,0,0,0,0,20688,0,0,0,0,0,0,0,324,65489,0,0,0,0
HEALTHY.V1.Control.OP.PS,0,0,0,0,0,0,0,0,0,0,0,0,0,0,0,0,15,7866,0,0,558,8613,0,0,257,0,0,0,0,0,0,8404,0,0,0,0,0,0,0,304,27377,0,0,0,0
NPswab.0702.Control.Swab.PRO,0,0,29,0,0,0,0,0,0,0,0,0,0,0,0,0,0,0,0,0,48,0,0,0,0,0,0,0,0,0,0,482,0,0,0,0,0,0,0,0,0,11,0,0,0
NPswab.0706.Control.Swab.PRO,0,0,0,0,0,0,0,0,0,0,0,81,0,0,0,0,0,0,0,0,168,183,0,465,0,0,0,0,0,0,0,940,0,0,0,0,0,0,608,0,87,0,0,0,0
NPswab.0707.Control.Swab.PRO,0,0,0,0,0,0,0,0,0,0,0,0,0,0,24,0,0,0,0,0,43,0,0,31,0,0,0,0,0,0,0,560,0,0,0,0,0,0,0,0,33,0,0,0,0
NPswab.0708.Control.Swab.PRO,0,0,0,0,0,0,0,0,0,0,0,0,0,0,0,0,0,0,0,0,125,0,0,0,0,0,0,0,0,0,0,289,0,0,0,0,0,0,0,0,0,0,0,0,0
NPswab.0709.Control.Swab.PRO,0,0,0,0,0,0,0,0,0,0,0,0,0,0,0,0,0,0,0,0,97,7,0,0,0,0,0,0,0,0,0,255,0,0,0,0,0,0,0,0,0,0,0,0,0
NPswab1.0708.Control.Swab.PS,0,0,0,0,0,0,0,0,0,21,0,0,0,0,0,0,0,0,0,0,188,21,0,36,0,0,0,0,0,0,0,1082,0,0,0,0,0,0,0,0,64,0,0,0,0
NPswab2.0708.Control.Swab.PS,0,0,0,0,0,0,0,0,0,0,0,0,0,0,0,0,0,0,0,0,67,63,0,12,0,0,0,0,0,0,0,533,0,0,0,0,0,0,0,0,72,0,0,0,0
OPswab.0630.Control.Swab.PRO,0,0,15,0,0,0,0,0,0,37,0,0,0,0,0,0,0,68,0,0,245,1032,0,54,28,0,0,0,0,0,0,1320,0,0,0,0,0,0,0,0,293,0,0,0,0
OPswab.0701.Control.Swab.PRO,0,0,28,0,0,0,0,0,0,0,0,0,0,34,22,0,0,0,0,0,86,0,0,17,0,0,0,0,0,0,0,436,0,0,0,0,0,0,0,0,28,0,0,0,0
OPswab.0709.Control.Swab.PRO,0,13,3,0,0,0,25,0,0,13,0,24,0,15,0,0,0,125,0,0,688,353,0,6,0,0,0,0,46,0,0,1553,0,0,0,0,0,0,0,0,2305,0,0,0,0
Saline.0622.Control.Saline.DTT.PRO,0,0,0,0,0,0,0,0,0,0,0,0,0,0,0,0,0,0,0,0,0,0,0,0,0,0,0,0,0,0,0,0,0,0,0,0,0,0,0,0,0,0,0,0,0
Saline.0622.Control.Saline.DTT.PS,0,0,0,0,0,0,0,0,0,0,0,0,0,0,0,0,0,0,0,0,0,0,0,0,0,0,0,0,0,0,0,0,0,0,0,0,0,0,0,0,0,0,0,0,0
Saline.0708.Control.Saline.PRO,61,0,0,0,0,0,0,0,0,0,0,0,0,34,0,0,0,0,0,0,1358,559,0,73,0,0,0,0,8,0,0,3608,0,0,155,0,0,0,0,0,2649,58,0,0,0
Saline1.0709.Control.Saline.PRO,0,0,0,0,0,0,0,0,0,0,0,0,0,0,0,0,0,26,4,0,352,130,0,0,0,0,0,0,0,0,0,343,0,0,0,0,0,0,0,0,696,0,0,0,0